a7,tot_compounds,tot_s1_repeats,target_surveys,prob,skip,Ordre,today,DateTerminée,Obs,program,nganza,num_poly
100.0,199,2,6.0,0.030150754,10.0,8.0,2016-09-08,,,0.0,0.0,1.0
101.0,195,4,5.0,0.025641026,10.0,18.0,2016-10-29,,,0.0,0.0,1.0
102.0,62,4,5.0,0.08064516,3.0,4.0,2016-08-12,,,0.0,0.0,1.0
103.0,175,3,5.0,0.028571429,9.0,11.0,2016-07-29,,,0.0,0.0,1.0
104.0,62,5,5.0,0.08064516,3.0,6.0,2016-08-19,,,0.0,0.0,1.0
105.0,176,4,5.0,0.028409092,9.0,24.0,2016-11-18,,,1.0,0.0,1.0
106.0,167,3,5.0,0.029940119,8.0,17.0,2016-10-22,,,0.0,0.0,1.0
107.0,156,4,5.0,0.032051284,8.0,14.0,2016-10-05,,,1.0,0.0,1.0
108.0,75,0,8.0,0.10666667,4.0,12.0,2016-08-10,,,0.0,0.0,1.0
109.0,127,3,5.0,0.03937008,6.0,8.0,2016-06-29,,,1.0,0.0,1.0
110.0,118,3,5.0,0.042372882,6.0,20.0,2016-11-14,,,1.0,0.0,1.0
111.0,236,5,5.0,0.021186441,12.0,1.0,2016-05-23,,,1.0,0.0,1.0
112.0,213,4,5.0,0.02347418,11.0,3.0,2016-07-06,,,1.0,0.0,1.0
113.0,186,4,5.0,0.02688172,9.0,16.0,2016-10-22,,,1.0,0.0,1.0
114.0,128,3,5.0,0.0390625,6.0,7.0,2016-08-27,,,0.0,0.0,1.0
115.0,103,3,5.0,0.048543688,5.0,17.0,2016-09-08,,,1.0,0.0,1.0
116.0,156,5,5.0,0.032051284,8.0,18.0,2016-11-04,,,1.0,0.0,1.0
117.0,132,4,5.0,0.03787879,7.0,16.0,2016-11-02,,,1.0,0.0,1.0
118.0,159,3,5.0,0.031446543,8.0,17.0,2016-11-05,,,0.0,0.0,1.0
119.0,93,4,5.0,0.05376344,5.0,14.0,2016-11-03,,,1.0,0.0,1.0
120.0,101,4,5.0,0.04950495,5.0,9.0,2016-07-25,,,0.0,0.0,1.0
121.0,103,4,5.0,0.048543688,5.0,13.0,2016-08-11,,,1.0,0.0,1.0
122.0,60,3,5.0,0.083333336,3.0,5.0,2016-08-18,,,1.0,0.0,1.0
123.0,156,4,5.0,0.032051284,8.0,17.0,2016-10-27,,,0.0,0.0,1.0
124.0,180,4,5.0,0.027777778,9.0,8.0,2016-07-23,,,0.0,0.0,1.0
125.0,59,3,5.0,0.084745765,3.0,3.0,2016-07-14,,,1.0,0.0,1.0
126.0,283,4,5.0,0.017667845,14.0,25.0,2016-12-01,,,1.0,0.0,1.0
200.0,269,4,5.0,0.01858736,13.0,11.0,2016-09-14,,,1.0,0.0,1.0
201.0,95,4,5.0,0.05263158,5.0,1.0,2016-05-24,,,1.0,0.0,1.0
202.0,224,4,5.0,0.02232143,11.0,3.0,2016-07-13,,,1.0,0.0,1.0
203.0,116,1,7.0,0.060344826,6.0,3.0,2016-09-05,,,0.0,0.0,1.0
204.0,153,2,6.0,0.039215688,8.0,10.0,2016-09-02,,,1.0,0.0,1.0
205.0,98,1,7.0,0.071428575,5.0,5.0,2016-07-15,,,0.0,0.0,1.0
206.0,93,5,5.0,0.05376344,5.0,1.0,2016-06-10,,,1.0,0.0,1.0
207.0,235,3,5.0,0.021276595,12.0,15.0,2016-10-10,,,1.0,0.0,1.0
208.0,161,3,5.0,0.031055901,8.0,24.0,2016-11-22,,,1.0,0.0,1.0
209.0,70,4,5.0,0.071428575,4.0,6.0,2016-08-06,,,0.0,0.0,1.0
210.0,109,2,6.0,0.055045873,5.0,23.0,2016-11-30,,,1.0,0.0,1.0
211.0,143,3,5.0,0.034965035,7.0,5.0,2016-07-21,,,1.0,0.0,1.0
212.0,112,2,6.0,0.05357143,6.0,1.0,2016-06-24,,,1.0,0.0,1.0
213.0,202,1,7.0,0.034653466,10.0,2.0,2016-06-07,,,0.0,0.0,1.0
214.0,258,3,5.0,0.019379845,13.0,15.0,2016-10-22,,,0.0,0.0,1.0
215.0,135,4,5.0,0.037037037,7.0,23.0,2016-11-22,,,1.0,0.0,1.0
216.0,258,3,5.0,0.019379845,13.0,16.0,2016-11-07,,,1.0,0.0,1.0
217.0,254,2,6.0,0.023622047,13.0,4.0,2016-09-09,,,1.0,0.0,1.0
218.0,117,1,7.0,0.05982906,6.0,8.0,2016-08-16,,,0.0,0.0,1.0
219.0,104,1,7.0,0.067307696,5.0,5.0,2016-06-18,,,0.0,0.0,1.0
220.0,145,3,5.0,0.03448276,7.0,2.0,2016-05-27,,,1.0,0.0,1.0
221.0,129,4,5.0,0.03875969,6.0,4.0,2016-07-16,,,0.0,0.0,1.0
222.0,215,4,5.0,0.023255814,11.0,13.0,2016-10-03,,,1.0,0.0,1.0
223.0,131,3,5.0,0.03816794,7.0,7.0,2016-07-26,,,1.0,0.0,1.0
224.0,90,3,5.0,0.055555556,5.0,13.0,2016-10-19,,,0.0,0.0,1.0
225.0,157,2,6.0,0.03821656,8.0,14.0,2016-09-03,,,0.0,0.0,1.0
226.0,63,4,5.0,0.07936508,3.0,12.0,2016-09-27,,,1.0,0.0,1.0
227.0,193,5,5.0,0.025906736,10.0,22.0,2016-11-15,,,1.0,0.0,1.0
228.0,107,0,8.0,0.07476635,5.0,27.0,2016-12-22,,,1.0,0.0,1.0
229.0,106,3,5.0,0.047169812,5.0,14.0,2016-10-22,,,0.0,0.0,1.0
230.0,100,3,5.0,0.05,5.0,19.0,2016-10-31,,,0.0,0.0,1.0
231.0,90,3,5.0,0.055555556,5.0,23.0,2016-12-06,,,1.0,0.0,1.0
232.0,101,3,5.0,0.04950495,5.0,6.0,2016-07-20,,,0.0,0.0,1.0
233.0,158,4,5.0,0.03164557,8.0,7.0,2016-08-15,,,1.0,0.0,1.0
234.0,84,5,5.0,0.05952381,4.0,24.0,2016-11-24,,,0.0,0.0,1.0
235.0,146,5,5.0,0.034246575,7.0,16.0,2016-10-11,,,1.0,0.0,1.0
236.0,253,3,5.0,0.019762846,13.0,23.0,2016-11-29,,,1.0,0.0,1.0
237.0,77,4,5.0,0.064935066,4.0,22.0,2016-11-19,,,0.0,0.0,1.0
238.0,178,2,6.0,0.033707865,9.0,3.0,2016-07-23,,,1.0,0.0,1.0
239.0,105,4,5.0,0.04761905,5.0,1.0,2016-06-28,,,1.0,0.0,1.0
240.0,126,2,6.0,0.04761905,6.0,8.0,2016-07-29,,,1.0,0.0,1.0
241.0,65,3,5.0,0.07692308,3.0,26.0,2016-12-06,,,1.0,0.0,1.0
242.0,158,1,7.0,0.044303797,8.0,22.0,2016-11-30,,,1.0,0.0,1.0
243.0,179,2,6.0,0.033519555,9.0,27.0,2016-12-29,,,0.0,0.0,1.0
244.0,150,2,6.0,0.04,8.0,21.0,2016-11-30,,,1.0,0.0,1.0
245.0,164,5,5.0,0.030487806,8.0,11.0,2016-09-15,,,1.0,0.0,1.0
246.0,79,4,5.0,0.06329114,4.0,1.0,2016-05-26,,,1.0,0.0,1.0
300.0,103,2,6.0,0.058252428,5.0,5.0,2016-08-04,,,1.0,0.0,1.0
301.0,109,3,5.0,0.04587156,5.0,4.0,2016-06-15,,,1.0,0.0,1.0
302.0,224,3,5.0,0.02232143,11.0,10.0,2016-10-21,,,0.0,0.0,1.0
303.0,168,3,5.0,0.029761905,8.0,26.0,2016-12-21,,,1.0,0.0,1.0
304.0,89,4,5.0,0.056179777,4.0,10.0,2016-09-14,,,1.0,0.0,1.0
305.0,130,4,5.0,0.03846154,7.0,18.0,2016-10-22,,,0.0,0.0,1.0
306.0,166,2,6.0,0.036144577,8.0,19.0,2016-10-26,,,0.0,0.0,1.0
307.0,174,2,6.0,0.03448276,9.0,7.0,2016-08-31,,,1.0,0.0,1.0
308.0,194,5,5.0,0.025773196,10.0,20.0,2016-10-29,,,0.0,0.0,1.0
309.0,237,3,5.0,0.021097047,12.0,14.0,2016-10-04,,,1.0,0.0,1.0
310.0,141,2,6.0,0.04255319,7.0,7.0,2016-10-06,,,0.0,0.0,1.0
311.0,95,1,7.0,0.07368421,5.0,21.0,2016-11-04,,,0.0,0.0,1.0
312.0,138,1,7.0,0.050724637,7.0,25.0,2016-12-13,,,0.0,0.0,1.0
313.0,192,3,5.0,0.026041666,10.0,19.0,2016-11-10,,,0.0,0.0,1.0
314.0,129,2,6.0,0.046511628,6.0,11.0,2016-10-15,,,0.0,0.0,1.0
315.0,258,1,7.0,0.027131783,13.0,6.0,2016-08-04,,,1.0,0.0,1.0
316.0,142,2,6.0,0.04225352,7.0,27.0,2016-12-29,,,0.0,0.0,1.0
317.0,138,2,6.0,0.04347826,7.0,9.0,2016-08-31,,,1.0,0.0,1.0
318.0,154,5,5.0,0.032467533,8.0,22.0,2016-11-10,,,1.0,0.0,1.0
319.0,272,5,5.0,0.018382354,14.0,10.0,2016-09-10,,,1.0,0.0,1.0
320.0,148,3,5.0,0.033783782,7.0,12.0,2016-10-08,,,0.0,0.0,1.0
321.0,102,3,5.0,0.04901961,5.0,2.0,2016-07-02,,,1.0,0.0,1.0
322.0,194,3,5.0,0.025773196,10.0,23.0,2016-11-23,,,1.0,0.0,1.0
323.0,138,3,5.0,0.036231883,7.0,23.0,2016-12-02,,,0.0,0.0,1.0
324.0,225,3,5.0,0.022222223,11.0,11.0,2016-10-07,,,0.0,0.0,1.0
325.0,85,1,7.0,0.08235294,4.0,21.0,2016-11-12,,,0.0,0.0,1.0
326.0,86,3,5.0,0.058139537,4.0,17.0,2016-11-08,,,1.0,0.0,1.0
327.0,166,5,5.0,0.030120483,8.0,24.0,2016-11-23,,,1.0,0.0,1.0
328.0,172,4,5.0,0.029069768,9.0,23.0,2016-12-05,,,1.0,0.0,1.0
329.0,156,3,5.0,0.032051284,8.0,25.0,2016-11-30,,,1.0,0.0,1.0
330.0,137,3,5.0,0.03649635,7.0,9.0,2016-08-24,,,1.0,0.0,1.0
331.0,53,3,5.0,0.094339624,3.0,6.0,2016-08-20,,,1.0,0.0,1.0
332.0,78,3,5.0,0.06410257,4.0,13.0,2016-10-10,,,0.0,0.0,1.0
333.0,153,4,5.0,0.03267974,8.0,22.0,2016-12-03,,,1.0,0.0,1.0
334.0,123,3,5.0,0.040650405,6.0,14.0,2016-10-11,,,0.0,0.0,1.0
335.0,118,3,5.0,0.042372882,6.0,8.0,2016-09-06,,,1.0,0.0,1.0
336.0,81,4,5.0,0.061728396,4.0,18.0,2016-11-09,,,0.0,0.0,1.0
337.0,207,2,6.0,0.028985508,10.0,3.0,2016-07-09,,,1.0,0.0,1.0
338.0,192,3,5.0,0.026041666,10.0,26.0,2016-12-01,,,0.0,0.0,1.0
339.0,153,2,6.0,0.039215688,8.0,12.0,2016-10-27,,,0.0,0.0,1.0
341.0,48,2,6.0,0.125,2.0,16.0,2016-10-12,,,0.0,0.0,1.0
342.0,99,3,5.0,0.05050505,5.0,17.0,2016-10-14,,,1.0,0.0,1.0
343.0,266,3,5.0,0.018796992,13.0,25.0,2016-11-28,,,1.0,0.0,1.0
344.0,193,2,6.0,0.031088082,10.0,13.0,2016-11-02,,,1.0,0.0,1.0
345.0,268,4,5.0,0.018656716,13.0,2.0,2016-05-27,,,1.0,0.0,1.0
346.0,205,1,7.0,0.034146342,10.0,6.0,2016-06-18,,,1.0,0.0,1.0
347.0,165,2,6.0,0.036363635,8.0,1.0,2016-07-02,,,0.0,0.0,1.0
348.0,105,2,6.0,0.057142857,5.0,20.0,2016-10-04,,,0.0,0.0,1.0
349.0,72,1,7.0,0.097222224,4.0,9.0,2016-09-29,,,1.0,0.0,1.0
350.0,33,1,7.0,0.21212122,2.0,22.0,2016-11-24,,,1.0,0.0,1.0
351.0,33,1,7.0,0.21212122,2.0,4.0,2016-07-30,,,1.0,0.0,1.0
352.0,50,4,5.0,0.1,3.0,19.0,2016-11-09,,,1.0,0.0,1.0
353.0,90,4,5.0,0.055555556,5.0,12.0,2016-10-17,,,1.0,0.0,1.0
354.0,194,4,5.0,0.025773196,10.0,27.0,2016-12-22,,,1.0,0.0,1.0
355.0,99,3,5.0,0.05050505,5.0,2.0,2016-07-04,,,1.0,0.0,1.0
356.0,198,5,5.0,0.025252525,10.0,15.0,2016-09-19,,,0.0,0.0,1.0
357.0,244,3,5.0,0.020491803,12.0,3.0,2016-07-14,,,1.0,0.0,1.0
358.0,184,4,5.0,0.027173912,9.0,19.0,2016-10-04,,,1.0,0.0,1.0
359.0,53,2,6.0,0.11320755,3.0,20.0,2016-11-17,,,1.0,0.0,1.0
360.0,62,2,6.0,0.09677419,3.0,19.0,2016-10-24,,,0.0,0.0,1.0
361.0,74,2,6.0,0.08108108,4.0,10.0,2016-10-04,,,0.0,0.0,1.0
362.0,71,3,5.0,0.07042254,4.0,15.0,2016-11-03,,,1.0,0.0,1.0
363.0,150,2,6.0,0.04,8.0,17.0,2016-10-18,,,0.0,0.0,1.0
364.0,129,3,5.0,0.03875969,6.0,9.0,2016-10-15,,,0.0,0.0,1.0
365.0,80,4,5.0,0.0625,4.0,23.0,2016-10-22,,,0.0,0.0,1.0
366.0,159,4,5.0,0.031446543,8.0,18.0,2016-09-27,,,0.0,0.0,1.0
367.0,180,3,5.0,0.027777778,9.0,15.0,2016-10-14,,,0.0,0.0,1.0
368.0,136,3,5.0,0.036764707,7.0,21.0,2016-11-07,,,1.0,0.0,1.0
369.0,141,0,8.0,0.056737587,7.0,22.0,2016-11-22,,,1.0,0.0,1.0
370.0,108,1,7.0,0.06481481,5.0,27.0,2016-12-30,,,1.0,0.0,1.0
371.0,84,3,5.0,0.05952381,4.0,11.0,2016-09-22,,,0.0,0.0,1.0
372.0,236,3,5.0,0.021186441,12.0,8.0,2016-09-06,,,1.0,0.0,1.0
373.0,125,2,6.0,0.048,6.0,21.0,2016-11-24,,,1.0,0.0,1.0
374.0,82,2,6.0,0.07317073,4.0,22.0,2016-10-19,,,0.0,0.0,1.0
375.0,115,1,7.0,0.060869563,6.0,12.0,2016-09-26,,,0.0,0.0,1.0
376.0,132,1,7.0,0.053030305,7.0,14.0,2016-10-28,,,0.0,0.0,1.0
377.0,107,1,7.0,0.06542056,5.0,13.0,2016-10-01,,,0.0,0.0,1.0
378.0,86,1,7.0,0.08139535,4.0,13.0,2016-10-27,,,0.0,0.0,1.0
379.0,237,0,8.0,0.033755273,12.0,15.0,2016-11-03,,,1.0,0.0,1.0
380.0,120,3,5.0,0.041666668,6.0,18.0,2016-10-20,,,0.0,0.0,1.0
381.0,170,2,6.0,0.03529412,9.0,19.0,2016-11-12,,,0.0,0.0,1.0
382.0,176,4,5.0,0.028409092,9.0,6.0,2016-08-12,,,1.0,0.0,1.0
384.0,199,1,7.0,0.03517588,10.0,26.0,2016-12-12,,,1.0,0.0,1.0
385.0,147,2,6.0,0.040816326,7.0,5.0,2016-08-04,,,0.0,0.0,1.0
386.0,109,2,6.0,0.055045873,5.0,16.0,2016-11-05,,,0.0,0.0,1.0
387.0,194,2,6.0,0.030927835,10.0,5.0,2016-07-20,,,1.0,0.0,1.0
400.0,116,2,6.0,0.05172414,6.0,10.0,2016-09-10,,,1.0,1.0,1.0
401.0,222,5,5.0,0.022522522,11.0,24.0,2016-12-03,,,0.0,1.0,1.0
402.0,247,4,5.0,0.020242915,12.0,21.0,2016-10-19,,,1.0,1.0,1.0
403.0,139,2,6.0,0.043165468,7.0,13.0,2016-09-24,,,1.0,1.0,1.0
404.0,75,1,7.0,0.093333334,4.0,4.0,2016-07-27,,,0.0,1.0,1.0
405.0,34,3,5.0,0.14705883,2.0,6.0,2016-07-13,,,0.0,1.0,1.0
406.0,200,2,6.0,0.03,10.0,16.0,2016-09-08,,,0.0,1.0,1.0
407.0,254,5,5.0,0.01968504,13.0,5.0,2016-07-11,,,0.0,1.0,1.0
408.0,172,4,5.0,0.029069768,9.0,9.0,2016-08-04,,,1.0,1.0,1.0
409.0,177,4,5.0,0.028248588,9.0,11.0,2016-09-21,,,1.0,1.0,1.0
410.0,120,5,5.0,0.041666668,6.0,24.0,2016-11-28,,,1.0,1.0,1.0
411.0,217,4,5.0,0.023041476,11.0,25.0,2016-12-05,,,1.0,1.0,1.0
412.0,230,5,5.0,0.02173913,12.0,16.0,2016-10-19,,,0.0,1.0,1.0
413.0,280,5,5.0,0.017857144,14.0,25.0,2016-12-08,,,1.0,1.0,1.0
414.0,215,5,5.0,0.023255814,11.0,19.0,2016-10-31,,,1.0,1.0,1.0
415.0,226,2,6.0,0.026548672,11.0,11.0,2016-08-25,,,0.0,1.0,1.0
416.0,55,3,5.0,0.09090909,3.0,8.0,2016-08-22,,,0.0,1.0,1.0
417.0,104,3,5.0,0.048076924,5.0,23.0,2016-11-18,,,1.0,1.0,1.0
418.0,155,1,7.0,0.045161292,8.0,20.0,2016-11-03,,,1.0,1.0,1.0
419.0,127,3,5.0,0.03937008,6.0,13.0,2016-10-01,,,1.0,1.0,1.0
420.0,133,5,5.0,0.037593983,7.0,2.0,2016-06-15,,,1.0,1.0,1.0
421.0,94,2,6.0,0.06382979,5.0,7.0,2016-07-28,,,0.0,1.0,1.0
422.0,165,5,5.0,0.030303031,8.0,3.0,2016-06-17,,,0.0,1.0,1.0
423.0,181,3,5.0,0.027624309,9.0,8.0,2016-08-01,,,0.0,1.0,1.0
424.0,92,5,5.0,0.054347824,5.0,15.0,2016-09-20,,,1.0,1.0,1.0
425.0,45,2,6.0,0.13333334,2.0,3.0,2016-07-01,,,1.0,1.0,1.0
426.0,77,3,5.0,0.064935066,4.0,5.0,2016-06-21,,,1.0,1.0,1.0
427.0,79,3,5.0,0.06329114,4.0,11.0,2016-08-23,,,1.0,1.0,1.0
428.0,111,4,5.0,0.045045044,6.0,4.0,2016-06-18,,,1.0,1.0,1.0
429.0,74,2,6.0,0.08108108,4.0,13.0,2016-09-05,,,1.0,1.0,1.0
430.0,135,3,5.0,0.037037037,7.0,22.0,2016-11-11,,,1.0,1.0,1.0
431.0,183,3,5.0,0.027322404,9.0,25.0,2016-12-05,,,0.0,1.0,1.0
432.0,119,5,5.0,0.042016808,6.0,13.0,2016-10-04,,,0.0,1.0,1.0
433.0,89,5,5.0,0.056179777,4.0,3.0,2016-07-26,,,1.0,1.0,1.0
434.0,247,2,6.0,0.024291499,12.0,6.0,2016-07-20,,,1.0,1.0,1.0
435.0,13,2,6.0,0.46153846,1.0,7.0,2016-06-25,,,0.0,1.0,1.0
436.0,98,4,5.0,0.05102041,5.0,7.0,2016-08-06,,,1.0,1.0,1.0
437.0,88,4,5.0,0.056818184,4.0,4.0,2016-06-24,,,0.0,1.0,1.0
438.0,105,2,6.0,0.057142857,5.0,9.0,2016-07-16,,,0.0,1.0,1.0
439.0,123,4,5.0,0.040650405,6.0,27.0,,,,0.0,1.0,1.0
440.0,145,3,5.0,0.03448276,7.0,20.0,2016-11-21,,,1.0,1.0,1.0
441.0,62,2,6.0,0.09677419,3.0,15.0,2016-11-05,,,1.0,1.0,1.0
442.0,177,3,5.0,0.028248588,9.0,14.0,2016-09-07,,,1.0,1.0,1.0
443.0,74,3,5.0,0.067567565,4.0,17.0,2016-10-17,,,1.0,1.0,1.0
444.0,78,2,6.0,0.07692308,4.0,15.0,2016-10-24,,,0.0,1.0,1.0
445.0,173,4,5.0,0.028901733,9.0,26.0,2016-11-30,,,0.0,1.0,1.0
446.0,119,2,6.0,0.05042017,6.0,19.0,2016-10-29,,,0.0,1.0,1.0
447.0,145,3,5.0,0.03448276,7.0,27.0,2016-12-27,,,1.0,1.0,1.0
448.0,76,0,8.0,0.10526316,4.0,1.0,2016-05-24,,,1.0,1.0,1.0
449.0,200,2,6.0,0.03,10.0,10.0,2016-07-29,,,1.0,1.0,1.0
450.0,99,3,5.0,0.05050505,5.0,15.0,2016-10-10,,,1.0,1.0,1.0
451.0,141,3,5.0,0.035460994,7.0,26.0,2016-12-17,,,1.0,1.0,1.0
452.0,134,3,5.0,0.03731343,7.0,16.0,2016-11-05,,,1.0,1.0,1.0
453.0,186,5,5.0,0.02688172,9.0,15.0,2016-08-30,,,0.0,1.0,1.0
454.0,98,3,5.0,0.05102041,5.0,4.0,2016-06-10,,,1.0,1.0,1.0
455.0,115,3,5.0,0.04347826,6.0,10.0,2016-08-11,,,1.0,1.0,1.0
456.0,154,4,5.0,0.032467533,8.0,13.0,2016-08-31,,,0.0,1.0,1.0
457.0,131,1,7.0,0.053435113,7.0,9.0,2016-08-12,,,0.0,1.0,1.0
458.0,108,1,7.0,0.06481481,5.0,27.0,2016-12-09,,,0.0,1.0,1.0
459.0,136,2,6.0,0.04411765,7.0,24.0,2016-12-02,,,0.0,1.0,1.0
460.0,130,3,5.0,0.03846154,7.0,14.0,2016-10-05,,,0.0,1.0,1.0
461.0,70,4,5.0,0.071428575,4.0,24.0,2016-11-29,,,1.0,1.0,1.0
462.0,297,5,5.0,0.016835017,15.0,12.0,2016-08-09,,,1.0,1.0,1.0
463.0,314,3,5.0,0.015923567,16.0,6.0,2016-09-14,,,0.0,1.0,1.0
464.0,246,3,5.0,0.020325202,12.0,21.0,2016-11-25,,,1.0,1.0,1.0
465.0,300,2,6.0,0.02,15.0,17.0,2016-11-10,,,1.0,1.0,1.0
466.0,172,4,5.0,0.029069768,9.0,15.0,2016-10-11,,,0.0,1.0,1.0
467.0,98,5,5.0,0.05102041,5.0,18.0,2016-10-21,,,0.0,1.0,1.0
468.0,99,4,5.0,0.05050505,5.0,20.0,2016-11-01,,,0.0,1.0,1.0
469.0,194,3,5.0,0.025773196,10.0,18.0,2016-10-26,,,0.0,1.0,1.0
470.0,112,3,5.0,0.04464286,6.0,21.0,2016-11-09,,,1.0,1.0,1.0
500.0,143,3,5.0,0.034965035,7.0,26.0,2016-12-03,,,1.0,0.0,1.0
501.0,231,4,5.0,0.021645023,12.0,2.0,2016-07-16,,,0.0,0.0,1.0
502.0,72,4,5.0,0.06944445,4.0,4.0,2016-07-19,,,1.0,0.0,1.0
503.0,143,2,6.0,0.04195804,7.0,23.0,2016-11-15,,,0.0,0.0,1.0
504.0,129,3,5.0,0.03875969,6.0,7.0,2016-08-22,,,1.0,0.0,1.0
505.0,150,4,5.0,0.033333335,8.0,20.0,2016-11-23,,,1.0,0.0,1.0
506.0,150,1,7.0,0.046666667,8.0,2.0,2016-06-09,,,1.0,0.0,1.0
507.0,172,2,6.0,0.034883723,9.0,2.0,2016-06-30,,,1.0,0.0,1.0
508.0,270,2,6.0,0.022222223,14.0,21.0,2016-11-17,,,1.0,0.0,1.0
509.0,192,1,7.0,0.036458332,10.0,16.0,2016-10-31,,,0.0,0.0,1.0
510.0,57,5,5.0,0.0877193,3.0,9.0,2016-09-09,,,1.0,0.0,1.0
511.0,138,3,5.0,0.036231883,7.0,20.0,2016-11-09,,,0.0,0.0,1.0
512.0,190,5,5.0,0.02631579,10.0,11.0,2016-10-01,,,0.0,0.0,1.0
513.0,134,5,5.0,0.03731343,7.0,17.0,2016-11-12,,,0.0,0.0,1.0
514.0,63,3,5.0,0.07936508,3.0,17.0,2016-11-01,,,1.0,0.0,1.0
515.0,75,2,6.0,0.08,4.0,18.0,2016-11-04,,,0.0,0.0,1.0
516.0,55,4,5.0,0.09090909,3.0,24.0,2016-12-13,,,1.0,0.0,1.0
517.0,175,2,6.0,0.034285713,9.0,24.0,2016-11-18,,,0.0,0.0,1.0
518.0,277,1,7.0,0.025270758,14.0,6.0,2016-07-28,,,0.0,0.0,1.0
520.0,32,0,8.0,0.25,2.0,9.0,2016-09-21,,,0.0,0.0,1.0
521.0,61,0,8.0,0.13114753,3.0,9.0,2016-08-29,,,1.0,0.0,1.0
522.0,159,1,7.0,0.044025157,8.0,5.0,2016-08-06,,,0.0,0.0,1.0
523.0,130,3,5.0,0.03846154,7.0,2.0,2016-06-23,,,1.0,0.0,1.0
524.0,127,5,5.0,0.03937008,6.0,16.0,2016-09-23,,,1.0,0.0,1.0
525.0,150,1,7.0,0.046666667,8.0,26.0,2016-12-16,,,1.0,0.0,1.0
526.0,134,4,5.0,0.03731343,7.0,12.0,2016-09-20,,,1.0,0.0,1.0
527.0,107,1,7.0,0.06542056,5.0,22.0,2016-11-28,,,1.0,0.0,1.0
528.0,227,4,5.0,0.02202643,11.0,19.0,2016-11-08,,,1.0,0.0,1.0
529.0,149,3,5.0,0.033557046,7.0,14.0,2016-10-12,,,1.0,0.0,1.0
530.0,269,5,5.0,0.01858736,13.0,3.0,2016-05-27,,,1.0,0.0,1.0
531.0,91,2,6.0,0.06593407,5.0,6.0,2016-07-23,,,0.0,0.0,1.0
532.0,257,5,5.0,0.019455252,13.0,14.0,2016-10-08,,,1.0,0.0,1.0
533.0,195,3,5.0,0.025641026,10.0,14.0,2016-10-07,,,1.0,0.0,1.0
534.0,150,5,5.0,0.033333335,8.0,17.0,2016-11-07,,,0.0,0.0,1.0
535.0,74,3,5.0,0.067567565,4.0,4.0,2016-07-13,,,1.0,0.0,1.0
536.0,162,4,5.0,0.030864198,8.0,15.0,2016-10-12,,,1.0,0.0,1.0
537.0,308,4,5.0,0.016233766,15.0,12.0,2016-08-29,,,1.0,0.0,1.0
538.0,92,4,5.0,0.054347824,5.0,13.0,2016-09-30,,,1.0,0.0,1.0
539.0,124,5,5.0,0.04032258,6.0,3.0,2016-06-07,,,1.0,0.0,1.0
540.0,124,4,5.0,0.04032258,6.0,26.0,2016-12-07,,,1.0,0.0,1.0
541.0,126,1,7.0,0.055555556,6.0,20.0,2016-11-16,,,0.0,0.0,1.0
542.0,142,3,5.0,0.03521127,7.0,25.0,2016-12-09,,,1.0,0.0,1.0
543.0,92,1,7.0,0.07608695,5.0,20.0,2016-11-09,,,0.0,0.0,1.0
544.0,196,1,7.0,0.035714287,10.0,5.0,2016-07-20,,,0.0,0.0,1.0
545.0,135,3,5.0,0.037037037,7.0,12.0,2016-09-26,,,1.0,0.0,1.0
546.0,18,3,5.0,0.2777778,1.0,8.0,2016-10-12,,,0.0,0.0,1.0
547.0,106,4,5.0,0.047169812,5.0,18.0,2016-10-19,,,1.0,0.0,1.0
548.0,115,3,5.0,0.04347826,6.0,22.0,2016-11-21,,,0.0,0.0,1.0
549.0,108,4,5.0,0.046296295,5.0,19.0,2016-11-19,,,0.0,0.0,1.0
550.0,176,4,5.0,0.028409092,9.0,4.0,2016-07-09,,,0.0,0.0,1.0
551.0,175,4,5.0,0.028571429,9.0,2.0,2016-05-25,,,1.0,0.0,1.0
552.0,79,4,5.0,0.06329114,4.0,2.0,2016-05-24,,,1.0,0.0,1.0
553.0,157,3,5.0,0.031847134,8.0,26.0,2016-12-07,,,0.0,0.0,1.0
554.0,138,4,5.0,0.036231883,7.0,14.0,2016-09-13,,,1.0,0.0,1.0
555.0,71,5,5.0,0.07042254,4.0,25.0,2016-11-25,,,1.0,0.0,1.0
556.0,51,0,8.0,0.15686275,3.0,27.0,2016-12-07,,,1.0,0.0,1.0
557.0,92,5,5.0,0.054347824,5.0,10.0,2016-08-19,,,0.0,0.0,1.0
558.0,189,2,6.0,0.031746034,9.0,8.0,2016-08-24,,,1.0,0.0,1.0
559.0,107,0,8.0,0.07476635,5.0,3.0,2016-07-27,,,0.0,0.0,1.0
560.0,107,3,5.0,0.046728972,5.0,24.0,2016-11-23,,,1.0,0.0,1.0
561.0,51,2,6.0,0.11764706,3.0,7.0,2016-08-29,,,0.0,0.0,1.0
562.0,56,4,5.0,0.08928572,3.0,15.0,2016-10-19,,,1.0,0.0,1.0
563.0,140,5,5.0,0.035714287,7.0,7.0,2016-06-21,,,1.0,0.0,1.0
564.0,90,2,6.0,0.06666667,5.0,16.0,2016-10-27,,,0.0,0.0,1.0
565.0,76,4,5.0,0.065789476,4.0,16.0,2016-10-18,,,0.0,0.0,1.0
566.0,129,1,7.0,0.054263566,6.0,9.0,2016-10-10,,,0.0,0.0,1.0
567.0,59,3,5.0,0.084745765,3.0,24.0,2016-12-05,,,1.0,0.0,1.0
569.0,50,1,7.0,0.14,3.0,27.0,,,,1.0,0.0,1.0
570.0,80,1,7.0,0.0875,4.0,14.0,2016-10-26,,,1.0,0.0,1.0
571.0,72,2,6.0,0.083333336,4.0,25.0,2016-11-28,,,1.0,0.0,1.0
572.0,113,1,7.0,0.061946902,6.0,5.0,2016-09-14,,,0.0,0.0,1.0
573.0,128,4,5.0,0.0390625,6.0,26.0,2016-12-03,,,1.0,0.0,1.0
574.0,120,3,5.0,0.041666668,6.0,,,,,,0.0,1.0
575.0,68,3,5.0,0.073529415,3.0,19.0,2016-11-18,,,1.0,0.0,1.0
576.0,85,5,5.0,0.05882353,4.0,11.0,2016-08-04,,,0.0,0.0,1.0
577.0,134,3,5.0,0.03731343,7.0,12.0,2016-08-30,,,1.0,0.0,1.0
578.0,96,5,5.0,0.052083332,5.0,9.0,2016-08-06,,,0.0,0.0,1.0
579.0,87,5,5.0,0.057471264,4.0,6.0,2016-07-09,,,1.0,0.0,1.0
580.0,134,5,5.0,0.03731343,7.0,10.0,2016-07-23,,,0.0,0.0,1.0
581.0,114,4,5.0,0.04385965,6.0,1.0,2016-05-21,,,1.0,0.0,1.0
582.0,116,5,5.0,0.04310345,6.0,2.0,2016-06-15,,,0.0,0.0,1.0
583.0,73,4,5.0,0.06849315,4.0,21.0,2016-11-14,,,1.0,0.0,1.0
584.0,157,3,5.0,0.031847134,8.0,12.0,2016-09-15,,,1.0,0.0,1.0
585.0,80,2,6.0,0.075,4.0,27.0,2016-12-06,,,1.0,0.0,1.0
586.0,53,1,7.0,0.13207547,3.0,10.0,2016-10-12,,,0.0,0.0,1.0
587.0,221,4,5.0,0.022624435,11.0,18.0,2016-11-14,,,0.0,0.0,1.0
588.0,97,5,5.0,0.05154639,5.0,25.0,2016-11-29,,,1.0,0.0,1.0
589.0,114,2,6.0,0.05263158,6.0,12.0,2016-10-19,,,0.0,0.0,1.0
590.0,172,5,5.0,0.029069768,9.0,22.0,2016-11-29,,,1.0,0.0,1.0
591.0,161,5,5.0,0.031055901,8.0,1.0,2016-05-25,,,1.0,0.0,1.0
592.0,138,2,6.0,0.04347826,7.0,14.0,2016-08-25,,,1.0,0.0,1.0
593.0,143,0,8.0,0.055944055,7.0,19.0,2016-11-19,,,0.0,0.0,1.0
594.0,142,2,6.0,0.04225352,7.0,3.0,2016-06-18,,,0.0,0.0,1.0
595.0,235,5,5.0,0.021276595,12.0,10.0,2016-08-13,,,0.0,0.0,1.0
596.0,171,4,5.0,0.029239766,9.0,27.0,2016-12-27,,,1.0,0.0,1.0
597.0,107,2,6.0,0.056074765,5.0,21.0,2016-11-18,,,1.0,0.0,1.0
598.0,279,2,6.0,0.021505376,14.0,24.0,2016-12-05,,,1.0,0.0,1.0
599.0,161,0,8.0,0.049689442,8.0,26.0,2016-12-16,,,1.0,0.0,1.0
600.0,142,1,7.0,0.049295776,7.0,10.0,2016-07-29,,,1.0,0.0,1.0
601.0,155,4,5.0,0.032258064,8.0,2.0,2016-05-23,,,1.0,0.0,1.0
602.0,58,1,7.0,0.12068965,3.0,21.0,2016-11-18,,,0.0,0.0,1.0
603.0,114,4,5.0,0.04385965,6.0,13.0,2016-10-21,,,0.0,0.0,1.0
604.0,73,1,7.0,0.09589041,4.0,11.0,2016-07-29,,,1.0,0.0,1.0
605.0,120,3,5.0,0.041666668,6.0,10.0,2016-09-16,,,1.0,0.0,1.0
606.0,137,5,5.0,0.03649635,7.0,15.0,2016-10-06,,,1.0,0.0,1.0
607.0,159,3,5.0,0.031446543,8.0,21.0,2016-11-11,,,1.0,0.0,1.0
608.0,197,2,6.0,0.030456852,10.0,20.0,2016-11-04,,,0.0,0.0,1.0
611.0,213,0,8.0,0.037558686,11.0,17.0,2016-10-19,,,0.0,0.0,1.0
612.0,132,3,5.0,0.03787879,7.0,18.0,2016-11-07,,,1.0,0.0,1.0
613.0,157,3,5.0,0.031847134,8.0,11.0,2016-09-03,,,1.0,0.0,1.0
614.0,93,2,6.0,0.06451613,5.0,4.0,2016-06-29,,,0.0,0.0,1.0
615.0,246,4,5.0,0.020325202,12.0,17.0,2016-10-18,,,0.0,0.0,1.0
616.0,169,4,5.0,0.0295858,8.0,12.0,2016-09-30,,,0.0,0.0,1.0
617.0,141,5,5.0,0.035460994,7.0,13.0,2016-09-26,,,1.0,0.0,1.0
618.0,75,3,5.0,0.06666667,4.0,27.0,2016-12-13,,,1.0,0.0,1.0
619.0,150,3,5.0,0.033333335,8.0,8.0,2016-07-26,,,1.0,0.0,1.0
620.0,116,3,5.0,0.04310345,6.0,27.0,2016-12-12,,,1.0,0.0,1.0
621.0,197,5,5.0,0.02538071,10.0,7.0,2016-07-21,,,1.0,0.0,1.0
622.0,98,3,5.0,0.05102041,5.0,22.0,2016-11-15,,,1.0,0.0,1.0
623.0,125,4,5.0,0.04,6.0,22.0,2016-11-22,,,1.0,0.0,1.0
624.0,94,3,5.0,0.05319149,5.0,2.0,2016-07-08,,,0.0,0.0,1.0
625.0,106,2,6.0,0.056603774,5.0,19.0,2016-11-01,,,0.0,0.0,1.0
626.0,107,3,5.0,0.046728972,5.0,20.0,2016-11-22,,,1.0,0.0,1.0
627.0,43,3,5.0,0.11627907,2.0,19.0,2016-11-01,,,0.0,0.0,1.0
628.0,98,3,5.0,0.05102041,5.0,14.0,2016-10-04,,,0.0,0.0,1.0
629.0,48,3,5.0,0.104166664,2.0,23.0,2016-11-15,,,0.0,0.0,1.0
630.0,69,4,5.0,0.072463766,3.0,7.0,2016-08-20,,,1.0,0.0,1.0
631.0,92,2,6.0,0.06521739,5.0,7.0,2016-07-02,,,0.0,0.0,1.0
632.0,150,1,7.0,0.046666667,8.0,18.0,2016-11-16,,,1.0,0.0,1.0
633.0,162,1,7.0,0.043209877,8.0,20.0,2016-11-23,,,0.0,0.0,1.0
634.0,221,4,5.0,0.022624435,11.0,1.0,2016-05-23,,,1.0,0.0,1.0
635.0,210,4,5.0,0.023809524,11.0,6.0,2016-06-29,,,0.0,0.0,1.0
636.0,108,4,5.0,0.046296295,5.0,17.0,2016-10-24,,,1.0,0.0,1.0
637.0,106,4,5.0,0.047169812,5.0,11.0,2016-10-15,,,0.0,0.0,1.0
638.0,185,2,6.0,0.032432433,9.0,9.0,2016-07-16,,,0.0,0.0,1.0
639.0,119,3,5.0,0.042016808,6.0,18.0,2016-10-28,,,1.0,0.0,1.0
640.0,164,4,5.0,0.030487806,8.0,3.0,2016-06-10,,,1.0,0.0,1.0
641.0,66,3,5.0,0.07575758,3.0,8.0,2016-10-07,,,1.0,0.0,1.0
642.0,83,3,5.0,0.060240965,4.0,23.0,2016-11-24,,,0.0,0.0,1.0
643.0,75,1,7.0,0.093333334,4.0,20.0,2016-11-14,,,1.0,0.0,1.0
644.0,179,2,6.0,0.033519555,9.0,6.0,2016-06-20,,,0.0,0.0,1.0
645.0,109,2,6.0,0.055045873,5.0,5.0,2016-06-15,,,0.0,0.0,1.0
646.0,203,0,8.0,0.039408866,10.0,3.0,2016-06-29,,,1.0,0.0,1.0
647.0,96,3,5.0,0.052083332,5.0,13.0,2016-08-16,,,1.0,0.0,1.0
648.0,160,4,5.0,0.03125,8.0,4.0,2016-09-09,,,1.0,0.0,1.0
649.0,57,3,5.0,0.0877193,3.0,25.0,2016-12-08,,,1.0,0.0,1.0
650.0,276,5,5.0,0.018115941,14.0,8.0,2016-07-26,,,1.0,0.0,1.0
651.0,120,4,5.0,0.041666668,6.0,10.0,2016-09-15,,,1.0,0.0,1.0
652.0,107,2,6.0,0.056074765,5.0,9.0,2016-09-08,,,0.0,0.0,1.0
653.0,179,2,6.0,0.033519555,9.0,23.0,2016-11-17,,,1.0,0.0,1.0
654.0,116,4,5.0,0.04310345,6.0,7.0,2016-10-01,,,0.0,0.0,1.0
655.0,77,2,6.0,0.077922076,4.0,12.0,2016-09-13,,,1.0,0.0,1.0
656.0,196,5,5.0,0.025510205,10.0,11.0,2016-10-27,,,1.0,0.0,1.0
657.0,95,5,5.0,0.05263158,5.0,15.0,2016-09-06,,,0.0,0.0,1.0
658.0,145,2,6.0,0.04137931,7.0,17.0,2016-10-20,,,1.0,0.0,1.0
660.0,56,3,5.0,0.08928572,3.0,1.0,2016-05-21,,,1.0,0.0,1.0
661.0,227,1,7.0,0.030837005,11.0,20.0,2016-10-27,,,0.0,0.0,1.0
662.0,47,3,5.0,0.10638298,2.0,8.0,2016-07-06,,,0.0,0.0,1.0
663.0,202,1,7.0,0.034653466,10.0,5.0,2016-07-12,,,1.0,0.0,1.0
664.0,71,4,5.0,0.07042254,4.0,7.0,2016-07-20,,,0.0,0.0,1.0
667.0,18,0,8.0,0.44444445,1.0,6.0,2016-10-05,,,1.0,0.0,1.0
668.0,86,2,6.0,0.069767445,4.0,25.0,2016-12-15,,,1.0,0.0,1.0
669.0,176,3,5.0,0.028409092,9.0,9.0,2016-08-27,,,1.0,0.0,1.0
670.0,256,2,6.0,0.0234375,13.0,23.0,2016-11-19,,,1.0,0.0,1.0
671.0,60,3,5.0,0.083333336,3.0,21.0,2016-11-24,,,1.0,0.0,1.0
672.0,50,0,8.0,0.16,3.0,16.0,2016-09-22,,,1.0,0.0,1.0
673.0,36,0,8.0,0.22222222,2.0,5.0,2016-06-30,,,1.0,0.0,1.0
674.0,86,2,6.0,0.069767445,4.0,10.0,2016-09-26,,,0.0,0.0,1.0
675.0,98,1,7.0,0.071428575,5.0,11.0,2016-09-17,,,1.0,0.0,1.0
676.0,154,3,5.0,0.032467533,8.0,12.0,2016-10-15,,,1.0,0.0,1.0
677.0,139,4,5.0,0.035971224,7.0,24.0,2016-11-29,,,1.0,0.0,1.0
678.0,112,2,6.0,0.05357143,6.0,1.0,2016-06-10,,,1.0,0.0,1.0
679.0,102,2,6.0,0.05882353,5.0,1.0,2016-05-19,,,0.0,0.0,1.0
680.0,84,2,6.0,0.071428575,4.0,4.0,2016-07-29,,,1.0,0.0,1.0
681.0,170,2,6.0,0.03529412,9.0,2.0,2016-06-23,,,1.0,0.0,1.0
682.0,98,2,6.0,0.06122449,5.0,25.0,2016-11-30,,,1.0,0.0,1.0
683.0,123,1,7.0,0.05691057,6.0,23.0,2016-11-28,,,1.0,0.0,1.0
685.0,38,2,6.0,0.15789473,2.0,23.0,2016-12-02,,,1.0,0.0,1.0
686.0,150,0,8.0,0.053333335,8.0,27.0,,,,0.0,0.0,1.0
687.0,75,4,5.0,0.06666667,4.0,4.0,2016-07-02,,,1.0,0.0,1.0
688.0,162,4,5.0,0.030864198,8.0,25.0,2016-12-02,,,0.0,0.0,1.0
689.0,105,3,5.0,0.04761905,5.0,18.0,2016-11-14,,,0.0,0.0,1.0
691.0,134,3,5.0,0.03731343,7.0,24.0,2016-12-13,,,0.0,0.0,1.0
692.0,99,3,5.0,0.05050505,5.0,24.0,2016-12-06,,,1.0,0.0,1.0
693.0,159,3,5.0,0.031446543,8.0,1.0,2016-06-28,,,1.0,0.0,1.0
694.0,258,3,5.0,0.019379845,13.0,22.0,2016-11-29,,,0.0,0.0,1.0
695.0,111,0,8.0,0.072072074,6.0,26.0,2016-12-05,,,0.0,0.0,1.0
696.0,199,3,5.0,0.025125628,10.0,22.0,2016-11-11,,,1.0,0.0,1.0
697.0,103,2,6.0,0.058252428,5.0,1.0,2016-06-20,,,1.0,0.0,1.0
698.0,54,0,8.0,0.14814815,3.0,26.0,2016-12-06,,,0.0,0.0,1.0
699.0,44,0,8.0,0.18181819,2.0,16.0,2016-10-15,,,0.0,0.0,1.0
700.0,93,2,6.0,0.06451613,5.0,5.0,2016-10-04,,,1.0,0.0,1.0
701.0,180,2,6.0,0.033333335,9.0,8.0,2016-08-16,,,1.0,0.0,1.0
702.0,192,1,7.0,0.036458332,10.0,25.0,2016-12-13,,,1.0,0.0,1.0
703.0,95,2,6.0,0.06315789,5.0,26.0,2016-12-13,,,1.0,0.0,1.0
704.0,53,2,6.0,0.11320755,3.0,26.0,2016-12-22,,,0.0,0.0,1.0
6091.0,167,2,6.0,0.011976048,7.0,18.0,2016-10-29,,,0.0,0.0,1.0
6092.0,167,2,6.0,0.011976048,7.0,18.0,2016-10-29,,,0.0,0.0,2.0
6093.0,167,2,6.0,0.011976048,7.0,18.0,2016-10-29,,,0.0,0.0,3.0
6101.0,189,5,5.0,0.0066137565,9.0,16.0,2016-10-08,,,1.0,0.0,1.0
6102.0,189,5,5.0,0.0066137565,9.0,16.0,2016-10-08,,,1.0,0.0,2.0
6103.0,189,5,5.0,0.0066137565,9.0,16.0,2016-10-08,,,1.0,0.0,3.0
6104.0,189,5,5.0,0.0066137565,9.0,16.0,2016-10-08,,,1.0,0.0,4.0
