a7,name_knows,edu_knows,job_knows,L_knows,L_knows_norm
100.0,-0.88658863,-0.3633802,-0.22021286,-0.69216263,0.12201257
101.0,0.288386,-0.011248629,0.4877396,0.28714606,0.44539413
102.0,-0.3830281,-0.1873144,0.11690736,-0.21617596,0.2791901
103.0,-0.7187351,0.34088293,0.1843314,-0.099584766,0.31769016
104.0,-0.5508816,-0.1873144,-0.25392488,-0.47299525,0.19438472
105.0,-0.047321036,0.86908025,0.4877396,0.6243056,0.55672896
106.0,-0.3830281,0.5169487,0.11690736,0.1195826,0.3900623
107.0,0.12053248,0.34088293,-0.439341,0.010523994,0.35404962
108.0,0.288386,-0.011248629,-0.25392488,0.011066579,0.3542288
109.0,-0.21517456,-0.3633802,-0.25392488,-0.39688602,0.21951707
110.0,0.62409306,-0.1873144,-0.06850876,0.17557324,0.40855122
111.0,0.62409306,-0.011248629,0.58887565,0.5495263,0.5320358
112.0,0.288386,0.5169487,0.1843314,0.4645015,0.5039594
113.0,-0.5508816,0.6930145,0.8585718,0.4770875,0.5081155
114.0,0.79194653,-0.1873144,-0.25392488,0.16720024,0.40578634
115.0,0.12053248,0.16481715,0.30232346,0.28017405,0.44309187
116.0,0.288386,0.16481715,0.6731557,0.5369934,0.52789724
117.0,0.12053248,-0.1873144,-0.22021286,-0.12807634,0.30828184
118.0,0.288386,-0.3633802,0.30232346,0.10837959,0.3863629
119.0,0.288386,-0.011248629,0.11690736,0.1878614,0.41260892
120.0,-0.047321036,0.16481715,-0.06850876,0.023354754,0.3582865
121.0,0.288386,0.6930145,-0.06850876,0.43522254,0.4942911
122.0,-0.1672164,0.03905588,0.5733163,0.19270514,0.4142084
123.0,0.12053248,-0.011248629,0.11690736,0.10783698,0.38618374
124.0,-0.047321036,-0.71551174,-0.06850876,-0.39634344,0.21969624
125.0,1.1276536,0.6930145,0.11690736,0.9237422,0.65560716
126.0,0.288386,0.34088293,-0.06850876,0.26734325,0.43885496
200.0,,-0.71551174,-0.6247571,-0.6389753,0.13957576
201.0,,-0.71551174,-0.6247571,-0.6389753,0.13957576
202.0,,-0.71551174,-0.6247571,-0.6389753,0.13957576
203.0,,-0.71551174,-0.45360377,-0.5573777,0.16652045
204.0,0.288386,-0.011248629,0.30232346,0.27625886,0.441799
205.0,-0.21517456,-0.011248629,-0.422485,-0.29258302,0.2539594
206.0,0.12053248,0.16481715,0.36412886,0.26624012,0.4384907
207.0,,-0.71551174,-0.6247571,-0.6389753,0.13957576
208.0,,-0.71551174,-0.6247571,-0.6389753,0.13957576
209.0,0.288386,0.34088293,-0.06850876,0.26734328,0.43885496
210.0,,-0.71551174,-0.6247571,-0.6389753,0.13957576
211.0,0.45623952,-0.3633802,0.11690736,0.100006595,0.38359803
212.0,0.95980006,0.5169487,0.30232346,0.8481755,0.630654
213.0,-0.047321036,-0.3633802,0.11690736,-0.14006674,0.30432242
214.0,-0.21517456,0.34088293,-0.017940728,0.05209111,0.36777568
215.0,-0.047321036,0.86908025,0.30232346,0.53590816,0.5275389
216.0,-0.047321036,-0.011248629,-0.06850876,-0.06058487,0.33056846
217.0,0.45623952,-0.53944594,0.11690736,0.016066954,0.35588
218.0,-0.88658863,-0.53944594,-0.25392488,-0.8009234,0.08609822
219.0,-0.2668218,-0.22794497,-0.25392488,-0.34762773,0.23578286
220.0,-0.047321036,0.16481715,0.30232346,0.20014961,0.4166667
221.0,-0.5508816,-0.1873144,0.26524025,-0.24655807,0.2691575
222.0,0.12053248,0.5169487,0.04274091,0.3209008,0.45654044
223.0,1.1276536,0.86908025,0.4877396,1.1844766,0.74170536
224.0,0.12053248,-0.53944594,-0.439341,-0.4091742,0.21545933
225.0,0.12053248,-0.1873144,0.30232346,0.11229476,0.38765576
226.0,0.288386,0.6930145,0.30232346,0.6120174,0.55267125
227.0,-0.21517456,0.16481715,0.58887565,0.23334375,0.42762786
228.0,-0.7187351,-0.3633802,-0.06850876,-0.5485619,0.16943155
229.0,0.288386,0.6930145,0.79114777,0.8136334,0.6192477
230.0,-0.047321036,-0.1873144,0.11690736,-0.07006104,0.3274393
231.0,0.21208894,0.6289906,-0.017940728,0.3924327,0.48016128
232.0,0.66282845,-0.065422714,-0.017940728,0.27757674,0.44223422
233.0,0.028976018,0.6289906,0.38660353,0.49800038,0.5150212
234.0,-0.7187351,-0.53944594,-0.6247571,-0.87287265,0.062339555
235.0,0.95980006,-0.3633802,0.6731557,0.6052722,0.5504439
236.0,-0.3830281,-0.53944594,-0.6247571,-0.737645,0.10699366
237.0,-0.88658863,-0.71551174,-0.6247571,-1.0616579,-7.332227e-17
238.0,0.12053248,-0.011248629,0.11690736,0.107836984,0.38618374
239.0,-0.5508816,-0.53944594,-0.439341,-0.72927195,0.10975853
240.0,-0.21517456,-0.1873144,0.11690736,-0.13615154,0.30561528
241.0,0.62409306,-0.1873144,0.4877396,0.44076553,0.49612144
242.0,-0.047321036,-0.011248629,-0.25392488,-0.1489823,0.30137837
243.0,0.12053248,0.05277529,-0.422485,-0.10410735,0.31619674
244.0,0.12053248,-0.71551174,-0.06850876,-0.316319,0.24612144
245.0,-0.88658863,-0.011248629,-0.25392488,-0.5491045,0.16925238
246.0,-0.21517456,-0.1873144,0.1843314,-0.11133036,0.3138116
300.0,0.79194653,0.34088293,0.4877396,0.7726088,0.6057008
301.0,-0.21517456,-0.3633802,-0.439341,-0.48528343,0.19032699
302.0,0.66282845,-0.71551174,0.30232346,0.107929185,0.3862142
303.0,0.45623952,0.16481715,-0.25392488,0.17503065,0.40837204
304.0,0.45623952,0.34088293,0.30232346,0.5241626,0.52366036
305.0,-0.047321036,-0.1873144,-0.25392488,-0.23292194,0.27366033
306.0,0.62409306,-0.011248629,0.1843314,0.37273148,0.47365564
307.0,0.35294506,0.42214406,-0.11129709,0.31646386,0.4550753
308.0,0.45623952,-0.1873144,0.1843314,0.20876738,0.4195124
309.0,0.288386,0.16481715,1.043988,0.7137882,0.58627737
310.0,0.12053248,-0.011248629,-0.25392488,-0.06895786,0.32780358
311.0,-0.3830281,-0.3633802,-0.25392488,-0.47691047,0.19309187
312.0,0.288386,0.86908025,0.11690736,0.6075596,0.5511992
313.0,0.35294506,-0.011248629,-0.439341,-0.030027661,0.34065887
314.0,-0.047321036,0.34088293,0.20961541,0.20657906,0.41878977
315.0,-0.21517456,-0.011248629,0.11690736,-0.05221188,0.33333334
316.0,-0.5767052,-0.22794497,-0.439341,-0.57696277,0.16005318
317.0,0.12053248,0.34088293,0.11690736,0.27571625,0.44161984
318.0,-0.3830281,0.34088293,-0.25392488,-0.1411519,0.30396408
319.0,-0.3830281,-0.53944594,-0.25392488,-0.5608501,0.16537382
320.0,0.45623952,0.86908025,-0.25392488,0.5107892,0.51924425
321.0,-0.21517456,-0.3633802,-0.06850876,-0.3084886,0.24870715
322.0,0.12053248,-0.53944594,-0.06850876,-0.21060492,0.28102973
323.0,-0.88658863,-0.1873144,-0.22021286,-0.60822296,0.14973064
324.0,-0.3830281,0.34088293,-0.06850876,-0.04186724,0.3367493
325.0,-0.047321036,0.34088293,0.26524025,0.19264509,0.4141886
326.0,-0.047321036,0.16481715,1.043988,0.5537393,0.533427
327.0,0.288386,0.16481715,0.26524025,0.3214434,0.4567196
328.0,-0.047321036,0.24484704,-0.22021286,-0.0117947245,0.34667966
329.0,0.45623952,-0.011248629,-0.06850876,0.17948844,0.40984407
330.0,0.45623952,-0.011248629,-0.34663293,0.10197823,0.3842491
331.0,1.1276536,-0.3633802,0.30232346,0.50850177,0.51848894
332.0,-0.7187351,-0.3633802,-0.25392488,-0.6369593,0.14024147
333.0,0.12053248,-0.011248629,-0.25392488,-0.06895787,0.32780358
334.0,0.45623952,-0.1873144,-0.439341,-0.08124606,0.32374585
335.0,0.12053248,-0.011248629,-0.25392488,-0.06895789,0.32780358
336.0,0.45623952,-0.011248629,-0.422485,0.027514737,0.3596602
337.0,1.1276536,0.5169487,0.4877396,1.0165974,0.6862693
338.0,0.04306163,0.2596218,0.059856243,0.17284133,0.4076491
339.0,-0.21517456,-0.53944594,-0.25392488,-0.48082566,0.19179901
341.0,0.95980006,0.86908025,0.8585718,1.281247,0.7736603
342.0,0.79194653,-0.1873144,-0.06850876,0.25559768,0.4349764
343.0,0.97271186,0.5846663,-0.11129709,0.6894215,0.57823116
344.0,0.95980006,-0.011248629,0.30232346,0.5963566,0.54749984
345.0,0.12053248,0.16481715,-0.439341,-0.07341567,0.32633156
346.0,-0.3830281,-0.3633802,-0.6247571,-0.6537053,0.13471171
347.0,0.04306163,0.42214406,0.059856243,0.25032404,0.433235
348.0,-0.047321036,-0.3633802,-0.017940728,-0.20364298,0.28332865
349.0,-0.11188008,-0.1873144,-0.22021286,-0.2246071,0.27640602
350.0,-0.21517456,0.34088293,-0.25392488,-0.06112747,0.3303893
351.0,-0.3830281,-0.011248629,0.30232346,-0.043838907,0.33609822
352.0,0.12053248,-0.011248629,0.38660353,0.22105557,0.42357013
353.0,-0.7187351,-0.71551174,-0.439341,-0.89323604,0.05561528
354.0,0.79194653,0.05277529,0.38660353,0.5695801,0.53865784
355.0,-0.21517456,0.6930145,0.30232346,0.37194407,0.47339565
356.0,0.12053248,0.16481715,0.3288115,0.22748499,0.4256932
357.0,-0.3830281,-0.3633802,-0.25392488,-0.47691047,0.19309187
358.0,0.04306163,-0.5529895,-0.28245044,-0.37776765,0.22583023
359.0,0.76142776,0.6289906,-0.40225777,0.48854136,0.5118977
360.0,-0.5508816,-0.71551174,-0.25392488,-0.7248142,0.11123056
361.0,-0.047321036,-0.011248629,-0.25392488,-0.1489823,0.30137837
362.0,0.79194653,0.6930145,0.1843314,0.78851444,0.61095303
363.0,-0.047321036,-0.1873144,-0.439341,-0.32131937,0.24447025
364.0,-0.21517456,-0.53944594,-0.06850876,-0.39242825,0.2209891
365.0,0.12053248,-0.011248629,-0.06850876,0.019439563,0.35699368
366.0,-0.3830281,-0.53944594,-0.017940728,-0.4476315,0.20276019
367.0,-0.21517456,-0.3633802,-0.25392488,-0.39688602,0.21951707
368.0,-0.7316469,-0.065422714,-0.06850876,-0.41015348,0.21513598
369.0,-0.5508816,-0.011248629,0.30232346,-0.123863325,0.309673
370.0,1.1276536,0.5169487,0.11690736,0.8398025,0.6278891
371.0,-0.7187351,-0.011248629,-0.06850876,-0.38068262,0.22486767
372.0,0.288386,0.34088293,0.30232346,0.44413814,0.49723512
373.0,-0.5508816,0.16481715,0.1843314,-0.103499964,0.3163973
374.0,-0.88658863,-0.22794497,-0.28245044,-0.66601443,0.13064708
375.0,0.45623952,0.16481715,-0.439341,0.08663322,0.37918195
376.0,-0.047321036,0.6930145,0.6731557,0.6287634,0.558201
377.0,-0.047321036,-0.1873144,0.6731557,0.2090652,0.41961074
378.0,0.45623952,0.34088293,-0.25392488,0.25897026,0.43609008
379.0,-0.88658863,-0.3633802,-0.439341,-0.8053812,0.0846262
380.0,0.45623952,0.16481715,-0.017940728,0.28824922,0.4457584
381.0,0.79194653,0.6930145,-0.22021286,0.6117196,0.5525729
382.0,0.45623952,0.16481715,-0.439341,0.086633205,0.37918195
384.0,0.45623952,0.34088293,0.11690736,0.43576512,0.49447024
385.0,0.12053248,0.34088293,-0.25392488,0.09892141,0.3832397
386.0,0.95980006,0.34088293,0.1843314,0.7006596,0.58194214
387.0,0.12053248,-0.53944594,0.4877396,0.032812934,0.36140972
500.0,-0.047321036,-0.011248629,-0.06850876,-0.06058489,0.33056846
501.0,-0.7187351,-0.53944594,-0.40225777,-0.75965405,0.09972593
502.0,-0.047321036,-0.3633802,-0.22021286,-0.29204044,0.25413856
503.0,-0.21517456,-0.3633802,-0.439341,-0.48528346,0.19032699
504.0,-0.047321036,-0.1873144,0.11690736,-0.056127112,0.3320405
505.0,-0.3830281,-0.3633802,0.58887565,-0.098499574,0.3180485
506.0,0.288386,-0.011248629,-0.017940728,0.12428517,0.39161515
507.0,0.95980006,0.6930145,-0.017940728,0.7801414,0.60818815
508.0,0.45623952,0.5169487,-0.06850876,0.43130735,0.4929982
509.0,0.95980006,0.6930145,-0.439341,0.5785254,0.54161173
510.0,0.12053248,0.86908025,0.38660353,0.6407538,0.5621604
511.0,0.288386,0.34088293,0.79114777,0.64575416,0.5638116
512.0,-0.5508816,0.16481715,-0.25392488,-0.30511597,0.24982084
513.0,-0.3830281,0.16481715,0.38660353,0.064921886,0.3720126
514.0,-0.047321036,0.34088293,0.11690736,0.18175788,0.41059348
515.0,-0.4217635,0.9097108,0.11690736,0.284078,0.44438103
516.0,-0.3830281,-0.3633802,-0.06850876,-0.38851306,0.22228195
517.0,-0.21517456,-0.1873144,-0.25392488,-0.31294638,0.24723512
518.0,-0.21517456,-0.1873144,-0.06850876,-0.22454895,0.2764252
520.0,0.12053248,-0.1873144,-0.6247571,-0.28005004,0.25809795
521.0,0.26440692,-0.111857645,-0.6247571,-0.14002474,0.30433628
522.0,0.79194653,0.34088293,0.6731557,0.86100626,0.6348909
523.0,0.288386,0.34088293,0.38660353,0.46895927,0.5054314
524.0,-0.7187351,-0.3633802,-0.06850876,-0.5485619,0.16943155
525.0,-0.88658863,-0.71551174,-0.017940728,-0.7716445,0.095766544
526.0,0.288386,-0.011248629,0.6731557,0.4530537,0.5001792
527.0,0.288386,-0.53944594,0.38660353,0.049261104,0.36684117
528.0,0.288386,0.16481715,0.4877396,0.4485959,0.49870715
529.0,-0.21517456,-0.1873144,-0.06850876,-0.22454895,0.2764252
530.0,1.1276536,0.34088293,0.4877396,0.9326577,0.6585512
531.0,-0.21517456,0.34088293,0.4877396,0.29246226,0.44714963
532.0,-0.5508816,-0.53944594,0.11690736,-0.46407968,0.19732878
533.0,-0.21517456,0.16481715,0.1843314,0.056548916,0.3692477
534.0,-0.7034757,-0.52344,-0.22021286,-0.6899209,0.122752815
535.0,0.008630137,-0.71551174,-0.13031413,-0.39913443,0.21877462
536.0,-0.047321036,-0.011248629,0.11690736,0.02781256,0.35975856
537.0,-0.047321036,-0.3633802,-0.06850876,-0.22846416,0.27513236
538.0,0.45623952,-0.3633802,0.9934199,0.4784175,0.50855464
539.0,0.95980006,0.5169487,0.30232346,0.8481755,0.630654
540.0,0.288386,-0.1873144,-0.422485,-0.13644935,0.30551693
541.0,0.79194653,0.6930145,0.11690736,0.7636933,0.60275674
542.0,0.62409306,-0.011248629,-0.06850876,0.25951287,0.43626925
543.0,0.12053248,0.16481715,-0.06850876,0.10337919,0.3847117
544.0,0.12053248,0.16481715,-0.439341,-0.07341567,0.32633156
545.0,-0.5508816,-0.011248629,0.38660353,-0.09904216,0.31786934
546.0,-0.88658863,-0.71551174,-0.30690092,-0.9101195,0.050040137
547.0,0.12053248,0.34088293,0.11690736,0.27571627,0.44161984
548.0,-0.21517456,-0.53944594,-0.40225777,-0.5195808,0.17900153
549.0,0.95980006,0.86908025,0.71023893,1.1540946,0.73167276
550.0,0.12053248,-0.1873144,-0.25392488,-0.15289754,0.3000855
551.0,0.12053248,-0.3633802,-0.06850876,-0.14843974,0.30155754
552.0,0.45623952,-0.011248629,0.6731557,0.53307813,0.52660435
553.0,0.45623952,-0.3633802,0.30232346,0.18840402,0.41278812
554.0,0.45623952,-0.53944594,0.4877396,0.15410669,0.40146264
555.0,0.12053248,0.34088293,0.4877396,0.45251107,0.5
556.0,-0.3830281,-0.71551174,-0.25392488,-0.64478976,0.13765576
557.0,-0.21517456,-0.1873144,-0.25392488,-0.31294638,0.24723512
558.0,0.288386,-0.1873144,-0.6247571,-0.20002562,0.28452316
559.0,0.288386,-0.011248629,0.1843314,0.21268259,0.42080525
560.0,0.79194653,0.34088293,-0.06850876,0.50741655,0.51813054
561.0,-0.3830281,-0.33136824,-0.017940728,-0.33526507,0.23986518
562.0,0.04306163,0.09709954,-0.017940728,0.059584636,0.37025014
563.0,0.62409306,1.0131341,-0.13031413,0.6937039,0.5796453
564.0,-0.21517456,0.16481715,0.30232346,0.12012518,0.39024147
565.0,1.1276536,0.34088293,0.11690736,0.7558629,0.600171
566.0,-0.7187351,0.34088293,-0.22021286,-0.27637962,0.25931
567.0,-0.63480836,-0.45141307,0.6466677,-0.24809548,0.26864982
569.0,-0.88658863,0.16481715,0.58887565,-0.08675398,0.32192707
570.0,-0.88658863,0.34088293,-0.422485,-0.44480145,0.20369472
571.0,-0.88658863,-0.3633802,-0.422485,-0.78056,0.09282249
572.0,-0.7187351,-0.011248629,-0.40225777,-0.50783515,0.1828801
573.0,0.288386,0.6930145,0.11690736,0.52361995,0.52348113
574.0,0.12053248,0.34088293,0.04274091,0.23696116,0.42882237
575.0,0.288386,0.5169487,0.11690736,0.43968034,0.49576312
576.0,0.12053248,0.86908025,0.11690736,0.5275352,0.524774
577.0,0.288386,-0.1873144,0.010955291,0.051232744,0.36749223
578.0,0.04306163,0.42214406,0.7444696,0.5767146,0.5410137
579.0,-0.5508816,-0.3633802,-0.439341,-0.64533234,0.1374766
580.0,0.19800334,0.2596218,-0.11129709,0.16511242,0.4050969
581.0,-0.33724985,0.05277529,0.1843314,-0.047743447,0.3348089
582.0,0.12053248,-0.011248629,0.4877396,0.28463185,0.4445639
583.0,-0.3830281,0.5169487,0.11690736,0.1195826,0.3900623
584.0,-0.7187351,-0.1873144,-0.06850876,-0.46462226,0.1971496
585.0,-0.88658863,0.5169487,-0.6247571,-0.4740804,0.1940264
586.0,-0.7187351,0.16481715,0.11690736,-0.22227949,0.27717462
587.0,-0.3830281,0.16481715,0.30232346,0.040100764,0.3638163
588.0,-0.7187351,0.34088293,0.11690736,-0.124405906,0.30949387
589.0,0.12053248,-0.011248629,-0.13031413,0.005505605,0.35239246
590.0,-0.88658863,0.5169487,0.4877396,0.056304153,0.36916688
591.0,0.62409306,0.16481715,0.11690736,0.43184996,0.49317738
592.0,0.288386,-0.1873144,0.11690736,0.10392177,0.38489088
593.0,-0.047321036,-0.1873144,0.30232346,0.03227032,0.36123055
594.0,-0.4217635,0.09709954,-0.11129709,-0.20784518,0.28194103
595.0,0.79194653,0.86908025,0.1843314,0.87245405,0.6386711
596.0,0.62409306,0.6289906,0.8585718,0.98174566,0.67476076
597.0,-0.88658863,-0.1873144,-0.25392488,-0.6330441,0.14153433
598.0,0.95980006,0.6930145,0.4877396,1.0205126,0.6875621
599.0,0.288386,-0.011248629,-0.06850876,0.099463984,0.38341886
600.0,1.1276536,0.16481715,0.58887565,0.87353927,0.63902944
601.0,1.1276536,0.6930145,0.30232346,1.0121396,0.6847972
602.0,-0.21517456,-0.1873144,0.11690736,-0.13615154,0.30561528
603.0,-0.047321036,-0.011248629,0.30232346,0.11620996,0.38894862
604.0,-0.88658863,-0.71551174,-0.6247571,-1.0616579,-7.332227e-17
605.0,-0.5508816,-0.3633802,-0.25392488,-0.5569349,0.16666667
606.0,-0.047321036,-0.011248629,-0.6247571,-0.300956,0.2511945
607.0,-0.7187351,-0.1873144,-0.25392488,-0.5530197,0.16795953
608.0,-0.7187351,-0.71551174,-0.6247571,-0.9816335,0.0264252
611.0,-0.7187351,0.16481715,-0.25392488,-0.3851404,0.22339565
612.0,-0.047321036,0.16481715,-0.25392488,-0.06504265,0.32909644
613.0,-0.7187351,-0.1873144,-0.25392488,-0.5530197,0.16795953
614.0,-0.21517456,0.34088293,-0.422485,-0.124703735,0.30939552
615.0,-0.7187351,-0.1873144,-0.25392488,-0.5530197,0.16795953
616.0,-0.3830281,-0.1873144,0.04274091,-0.25493106,0.2663926
617.0,-0.7187351,-0.3633802,-0.439341,-0.72535676,0.11105139
618.0,0.12053248,-0.3633802,0.38660353,0.053176317,0.36813402
619.0,-0.047321036,-0.71551174,-0.439341,-0.5731383,0.16131608
620.0,0.04306163,0.2596218,0.58887565,0.38186026,0.4766701
621.0,-0.7187351,0.16481715,-0.25392488,-0.38514042,0.22339565
622.0,0.288386,0.34088293,0.30232346,0.4441381,0.49723512
623.0,-0.3830281,-0.53944594,0.30232346,-0.29565778,0.25294405
624.0,0.12053248,-0.3633802,-0.6247571,-0.38881084,0.22218361
625.0,-0.3830281,-0.1873144,-0.439341,-0.48136824,0.19161984
626.0,-0.7187351,-0.53944594,-0.439341,-0.80929637,0.083333336
627.0,-0.047321036,-0.1873144,-0.25392488,-0.23292194,0.27366033
628.0,0.12053248,-0.1873144,0.11690736,0.023897352,0.35846567
629.0,-0.7187351,-0.71551174,-0.6247571,-0.9816335,0.0264252
630.0,-0.047321036,-0.1873144,-0.25392488,-0.23292196,0.27366033
631.0,-0.5508816,-0.71551174,-0.25392488,-0.7248142,0.11123056
632.0,-0.3830281,-0.1873144,0.4877396,-0.039381094,0.33757025
633.0,-0.5508816,0.16481715,0.11690736,-0.14225505,0.3035998
634.0,-0.21517456,0.16481715,0.30232346,0.12012519,0.39024147
635.0,-0.21517456,-0.011248629,0.11690736,-0.066145845,0.32873216
636.0,-0.3830281,0.16481715,0.4877396,0.12849817,0.39300635
637.0,-0.21517456,-0.1873144,-0.17975843,-0.26330405,0.26362774
638.0,-0.11188008,-0.5529895,0.30232346,-0.18393162,0.28983763
639.0,0.21208894,0.4369188,0.1843314,0.39729574,0.48176712
640.0,0.62409306,0.34088293,0.30232346,0.604187,0.55008554
641.0,0.95980006,0.34088293,0.26524025,0.72548074,0.59013844
642.0,0.288386,0.6930145,0.1843314,0.5484411,0.5316775
643.0,0.288386,0.5169487,0.11690736,0.43968034,0.4957631
644.0,-0.047321036,0.5169487,0.26524025,0.3292738,0.45930532
645.0,-0.7187351,0.34088293,0.11690736,-0.124405906,0.30949387
646.0,-0.7316469,0.16481715,-0.017940728,-0.2835188,0.25695252
647.0,0.288386,-0.011248629,-0.6247571,-0.16572829,0.2958486
648.0,-0.88658863,-0.71551174,-0.3775356,-0.898797,0.053778976
649.0,0.288386,0.16481715,-0.06850876,0.18340364,0.41113693
650.0,-0.047321036,-0.1873144,-0.06850876,-0.14452451,0.3028504
651.0,0.288386,-0.1873144,0.38660353,0.21714036,0.42227727
652.0,-0.5508816,-0.1873144,-0.6247571,-0.6497901,0.13600457
653.0,-0.3830281,-0.1873144,0.38660353,-0.10295737,0.31657645
654.0,0.288386,0.34088293,-0.017940728,0.29216442,0.4470513
655.0,-0.21517456,0.5169487,0.6731557,0.4647993,0.50405777
656.0,-0.047321036,-0.33136824,0.58887565,0.08997608,0.38028583
657.0,-0.11188008,-0.5529895,-0.11129709,-0.37003872,0.22838244
658.0,-0.21517456,-0.53944594,0.04274091,-0.34278592,0.23738168
660.0,-0.3830281,-0.71551174,-0.439341,-0.73318714,0.10846568
661.0,1.1276536,0.6930145,0.4877396,1.100537,0.7139873
662.0,0.288386,-0.1873144,-0.22021286,-0.048051905,0.33470702
663.0,0.288386,-0.3633802,-0.017940728,-0.043594126,0.33617905
664.0,-0.21517456,-0.53944594,-0.439341,-0.5692231,0.16260894
667.0,-0.88658863,-0.71551174,-0.6247571,-1.0616579,-7.332227e-17
668.0,-0.88658863,-0.71551174,-0.439341,-0.97326046,0.02919008
669.0,-0.4217635,-0.5529895,-0.6247571,-0.762569,0.09876338
670.0,-0.047321036,-0.3633802,-0.06850876,-0.22846416,0.27513236
671.0,-0.48374018,-0.71551174,-0.17975843,-0.65744543,0.13347667
672.0,-0.88658863,-0.71551174,-0.6247571,-1.0616579,-7.332227e-17
673.0,-0.7187351,-0.13929647,0.36412886,-0.27333456,0.2603155
674.0,-0.21517456,-0.1873144,-0.6247571,-0.48974124,0.18885496
675.0,-0.047321036,-0.011248629,-0.06850876,-0.060584888,0.33056846
676.0,-0.7187351,-0.1873144,-0.017940728,-0.4398011,0.2053459
677.0,-0.11188008,0.9097108,0.5733163,0.6536965,0.56643426
678.0,-0.21517456,0.5521619,0.3288115,0.30696982,0.4519402
679.0,-0.21517456,-0.1873144,0.4877396,0.001888236,0.35119796
680.0,-0.88658863,-0.011248629,-0.439341,-0.6375019,0.1400623
681.0,-0.88658863,-0.1873144,-0.017940728,-0.5198255,0.17892072
682.0,-0.88658863,-0.011248629,-0.439341,-0.6375019,0.1400623
683.0,1.1276536,0.42214406,0.4021629,0.9306003,0.65787184
685.0,-0.88658863,-0.45141307,0.010955291,-0.6099197,0.14917032
686.0,0.12053248,0.34088293,-0.06850876,0.18731885,0.41242978
687.0,0.288386,1.045146,-0.06850876,0.60310185,0.5497272
688.0,-0.88658863,-0.53944594,-0.6247571,-0.97771823,0.027718058
689.0,-0.3830281,0.34088293,0.11690736,0.03564296,0.36234426
691.0,0.12053248,0.7936235,0.16988339,0.51681745,0.52123487
692.0,-0.88658863,-0.53944594,-0.439341,-0.88932085,0.056908134
693.0,-0.21517456,0.16481715,0.1843314,0.056548912,0.3692477
694.0,0.45623952,0.34088293,0.8585718,0.78935486,0.61123055
695.0,0.79194653,-0.1873144,0.11690736,0.34399512,0.4641665
696.0,0.12053248,0.16481715,0.11690736,0.19177662,0.4139018
697.0,0.79194653,0.16481715,0.11690736,0.5118743,0.5196026
698.0,0.3219567,-0.5042328,-0.17975843,-0.17260057,0.2935793
699.0,1.1276536,0.49179646,-0.25392488,0.66831046,0.57126
700.0,1.1276536,-0.08167494,0.36412886,0.6549111,0.56683534
701.0,1.1276536,0.5169487,0.11690736,0.83980256,0.6278891
702.0,1.1276536,0.5846663,-0.11129709,0.76329017,0.60262364
703.0,0.45623952,-0.71551174,-0.439341,-0.333065,0.24059168
704.0,-0.7187351,-0.71551174,-0.439341,-0.89323604,0.05561528
6091.0,-0.7034757,0.1899694,-0.22021286,-0.38273573,0.2241897
6092.0,0.288386,0.05277529,-0.06850876,0.12789077,0.39280578
6093.0,0.62409306,0.24484704,-0.06850876,0.37187928,0.47337425
6101.0,0.79194653,0.07678426,-0.25392488,0.28090733,0.44333404
6102.0,-0.21517456,-0.52344,-0.439341,-0.5407963,0.17199586
6103.0,-0.3830281,-0.3633802,-0.25392488,-0.47691047,0.19309187
6104.0,-0.047321036,-0.3633802,-0.06850876,-0.22846416,0.27513236
,,-0.71551174,-0.6247571,-0.6389753,0.13957576
