y3,y7,tribe,born_kga,move_kga,inc_mo,inc_wk,possessions,y9,y10,read3,read4,read6,read7,red_poor,red_if,tax_who1,tax_who2,tax_who3,tax_who4,tax_who5,tax_who6,tax_who7,trust4,trust5,trust6,corr14_end,b1,b2,gov2_end,position,connection,colcode,math1,math2,math3,math4,extern4,_merge,female,age,age2,main_tribe,years_kga,educ_lvl,educ_yrs,c11,c12,c13,c14,maths_score,revread3,revread4,literacy_tsh,revread6,revread7,literacy_fr,possessions_nb,revtax_who1,revtax_who3,revtax_who6,index_taxwho,red_ngo,red_state,revred_if,red_prog,index_redistribution,revtrust4,revtrust5,revtrust6,index_trust,state_cap1,gov_resp,revcorr14_end,gov1_end,index_prov_gov,revb2,revb1,b3,index_morale,intrin1,intrin2,intrin3,index_intrinsic,extern1,extern2,extern3,index_extrinsic,job_heard_connection,fam_dgrkoc,fam_gov,index_connection,intrinsic_minus_extrinsic
1.0,34.0,LULUWA,1.0,,212.12121212121212,12.121212121212121,0,4.0,3.0,2.0,2.0,1.0,1.0,2.0,3.0,1.0,2.0,2.0,2.0,2.0,1.0,4.0,2.0,2.0,2.0,4.0,1.0,1.0,0.7,4.0,3,1.0,,,,,,1,0.0,34.0,1156.0,1.0,,4.0,18.0,1.0,1.0,0.0,1.0,0.046917908,3.0,3.0,-0.05997383,4.0,4.0,0.75788444,0.0,4.0,3.0,4.0,0.9138526,1.0,3.0,1.0,2.0,-1.6733651,3.0,3.0,3.0,-0.09507048,0.0,1.0,4.0,0.3,-1.1560977,4.0,3.0,0.0,0.091019616,,,,,,,,,0.0,0.0,0.0,-0.88890743,
1.0,22.0,SONGE,0.0,2005.0,48.484848484848484,60.60606060606061,3 4,4.0,2.0,2.0,2.0,1.0,1.0,3.0,3.0,1.0,2.0,1.0,1.0,1.0,1.0,1.0,3.0,2.0,2.0,4.0,1.0,1.0,0.1,3.0,9999,2.0,,,,,,1,0.0,22.0,484.0,0.0,13.0,4.0,17.0,1.0,1.0,1.0,1.0,1.0570327,3.0,3.0,-0.05997383,4.0,4.0,0.75788444,2.0,4.0,4.0,4.0,1.4247779,3.0,3.0,1.0,2.0,-0.7282881,2.0,3.0,3.0,-0.44802895,1.0,1.0,4.0,0.9,0.43661293,4.0,3.0,,0.482099,,,,,,,,,0.0,0.0,0.0,-0.88890743,
1.0,23.0,LULUWA,0.0,1998.0,36.36363636363637,24.242424242424242,3 4,4.0,2.0,2.0,1.0,1.0,1.0,3.0,3.0,1.0,3.0,2.0,2.0,1.0,4.0,1.0,1.0,1.0,1.0,3.0,1.0,1.0,0.2,4.0,9999,3.0,,,,,,1,0.0,23.0,529.0,1.0,20.0,4.0,17.0,1.0,1.0,1.0,1.0,1.0570327,3.0,4.0,0.5672466,4.0,4.0,0.75788444,2.0,4.0,3.0,1.0,-0.73435664,4.0,3.0,1.0,1.0,-1.2711095,4.0,4.0,4.0,1.1039371,0.0,1.0,5.0,0.8,-0.17879339,4.0,3.0,,0.482099,,,,,,,,,0.0,0.0,1.0,0.30434754,
2.0,24.0,LULUWA,1.0,,9.696969696969697,3.0303030303030303,3,4.0,3.0,1.0,2.0,1.0,1.0,4.0,3.0,2.0,2.0,2.0,2.0,2.0,2.0,4.0,1.0,1.0,1.0,4.0,1.0,1.0,0.97,4.0,9999,4.0,,,,,,1,1.0,24.0,576.0,1.0,,4.0,18.0,1.0,1.0,0.0,1.0,0.046917908,4.0,3.0,0.56433606,4.0,4.0,0.75788444,1.0,3.0,3.0,3.0,-0.3730008,3.0,3.0,1.0,1.0,-1.7436479,4.0,4.0,4.0,1.1039371,1.0,1.0,4.0,0.03,-0.7106094,4.0,3.0,1.0,1.0687182,,,,,,,,,0.0,0.0,1.0,0.30434754,
1.0,37.0,LULUWA,1.0,,90.9090909090909,9.090909090909092,3,4.0,2.0,3.0,3.0,2.0,3.0,2.0,3.0,2.0,4.0,2.0,2.0,2.0,2.0,4.0,1.0,1.0,1.0,4.0,2.0,1.0,0.8,3.0,9999,5.0,,,,,,1,0.0,37.0,1369.0,1.0,,4.0,17.0,1.0,1.0,1.0,1.0,1.0570327,2.0,2.0,-1.3115042,3.0,2.0,-1.0684861,1.0,3.0,3.0,3.0,-0.3730008,4.0,3.0,1.0,2.0,-0.25574958,4.0,4.0,4.0,1.1039371,1.0,1.0,4.0,0.2,-0.4864395,4.0,2.0,1.0,0.16262238,,,,,,,,,0.0,0.0,0.0,-0.88890743,
1.0,25.0,LUNTU,0.0,2015.0,9.696969696969697,1.8181818181818181,3,3.0,6.0,2.0,3.0,2.0,3.0,2.0,3.0,2.0,2.0,3.0,2.0,2.0,2.0,2.0,1.0,1.0,1.0,2.0,1.0,1.0,0.0,3.0,9999,6.0,,,,,3.0,3,0.0,25.0,625.0,0.0,3.0,3.0,15.0,1.0,1.0,1.0,1.0,1.0570327,3.0,2.0,-0.6871943,3.0,2.0,-1.0684861,1.0,3.0,2.0,3.0,-0.8839262,5.0,3.0,1.0,1.0,-0.7985709,4.0,4.0,4.0,1.1039371,1.0,4.0,6.0,1.0,2.492068,4.0,3.0,1.0,1.0687182,4.0,5.0,4.0,1.0927029,3.0,3.0,1.0,-0.13875307,0.0,0.0,0.0,-0.88890743,1.0524637
1.0,36.0,LULUWA,1.0,,109.0909090909091,10.303030303030303,1,3.0,6.0,1.0,2.0,1.0,1.0,3.0,3.0,2.0,2.0,1.0,1.0,1.0,1.0,1.0,1.0,1.0,1.0,4.0,1.0,1.0,0.3,1.0,9999,7.0,,,,,,1,0.0,36.0,1296.0,1.0,,3.0,15.0,1.0,1.0,0.0,0.0,-1.0864509,4.0,3.0,0.56433606,4.0,4.0,0.75788444,1.0,3.0,4.0,4.0,0.6873277,3.0,3.0,1.0,2.0,-0.7282881,4.0,4.0,4.0,1.1039371,1.0,2.0,4.0,0.7,0.6020931,4.0,3.0,0.0,0.091019616,,,,,,,,,1.0,0.0,0.0,0.14494167,
1.0,32.0,LULUWA,1.0,,58.18181818181818,151.5151515151515,3 4,4.0,3.0,1.0,2.0,1.0,1.0,2.0,3.0,1.0,1.0,1.0,1.0,2.0,1.0,1.0,3.0,2.0,2.0,3.0,2.0,2.0,0.1,3.0,9999,8.0,,,,,3.0,3,0.0,32.0,1024.0,1.0,,4.0,18.0,1.0,0.0,0.0,1.0,-1.4259772,4.0,3.0,0.56433606,4.0,4.0,0.75788444,2.0,4.0,4.0,4.0,1.4247779,3.0,3.0,1.0,1.0,-1.7436479,2.0,3.0,3.0,-0.44802895,0.0,1.0,5.0,0.9,-0.046928782,3.0,2.0,0.0,-1.6232667,3.0,1.0,1.0,-1.9647226,3.0,1.0,2.0,-0.46505767,0.0,0.0,0.0,-0.88890743,-1.2816886
1.0,30.0,LULUWA,1.0,,60.60606060606061,30.303030303030305,4,4.0,5.0,1.0,2.0,1.0,1.0,3.0,3.0,1.0,1.0,1.0,1.0,2.0,2.0,2.0,2.0,3.0,3.0,1.0,1.0,1.0,0.2,3.0,2,9.0,,,,,1.0,3,0.0,30.0,900.0,1.0,,4.0,20.0,1.0,1.0,1.0,1.0,1.0570327,4.0,3.0,0.56433606,4.0,4.0,0.75788444,1.0,4.0,4.0,3.0,0.87537485,3.0,3.0,1.0,2.0,-0.7282881,3.0,2.0,2.0,-0.94111973,0.0,3.0,7.0,0.8,1.3155876,4.0,3.0,0.0,0.091019616,3.0,1.0,2.0,-1.6081245,3.0,1.0,2.0,-0.46505767,0.0,1.0,0.0,0.3237034,-0.97692204
1.0,24.0,LULUWA,1.0,,23.636363636363637,0.0,3,4.0,3.0,1.0,2.0,1.0,1.0,3.0,3.0,2.0,2.0,2.0,2.0,2.0,2.0,2.0,3.0,3.0,1.0,4.0,1.0,1.0,0.6,1.0,2,10.0,,,,,4.0,3,0.0,24.0,576.0,1.0,,4.0,18.0,1.0,1.0,0.0,0.0,-1.0864509,4.0,3.0,0.56433606,4.0,4.0,0.75788444,1.0,3.0,3.0,3.0,-0.3730008,3.0,4.0,1.0,2.0,-0.21064807,2.0,2.0,4.0,-0.3584784,0.0,4.0,4.0,0.4,0.26339525,4.0,3.0,1.0,1.0687182,3.0,5.0,2.0,-0.11093618,5.0,1.0,2.0,0.56103206,1.0,1.0,1.0,2.5508075,-0.5742976
2.0,32.0,LULUWA,0.0,2014.0,21.21212121212121,8.484848484848484,1 6,3.0,6.0,1.0,1.0,2.0,2.0,3.0,2.0,2.0,3.0,4.0,1.0,3.0,1.0,1.0,1.0,1.0,1.0,2.0,1.0,1.0,0.2,4.0,9999,11.0,,,,,,1,1.0,32.0,1024.0,1.0,4.0,3.0,15.0,1.0,0.0,1.0,0.0,-1.5492313,4.0,4.0,1.1915566,3.0,3.0,-0.47914892,2.0,3.0,1.0,4.0,-0.84544843,4.0,4.0,2.0,2.0,1.0140828,4.0,4.0,4.0,1.1039371,1.0,4.0,6.0,0.8,2.2283387,4.0,3.0,0.0,0.091019616,,,,,,,,,0.0,0.0,0.0,-0.88890743,
1.0,35.0,LULUWA,0.0,2017.0,7.878787878787879,0.0,1,3.0,6.0,1.0,1.0,1.0,1.0,3.0,2.0,1.0,2.0,4.0,1.0,1.0,1.0,1.0,1.0,1.0,1.0,6.0,2.0,1.0,0.5,4.0,9999,12.0,,,,,,1,0.0,35.0,1225.0,1.0,1.0,3.0,15.0,1.0,1.0,0.0,0.0,-1.0864509,4.0,4.0,1.1915566,4.0,4.0,0.75788444,1.0,4.0,1.0,4.0,-0.10799819,3.0,3.0,2.0,2.0,0.023904312,4.0,4.0,4.0,1.1039371,1.0,3.0,2.0,0.5,0.13161114,4.0,2.0,0.0,-0.8150761,,,,,,,,,0.0,0.0,0.0,-0.88890743,
1.0,26.0,LUBA,1.0,,30.303030303030305,16.363636363636363,3 4,4.0,3.0,2.0,2.0,1.0,1.0,3.0,3.0,4.0,3.0,2.0,2.0,2.0,2.0,3.0,3.0,3.0,2.0,4.0,1.0,2.0,0.4,4.0,9999,13.0,,,,,3.0,3,0.0,26.0,676.0,0.0,,4.0,18.0,1.0,1.0,1.0,1.0,1.0570327,3.0,3.0,-0.05997383,4.0,4.0,0.75788444,2.0,1.0,3.0,3.0,-1.8479013,3.0,4.0,1.0,1.0,-1.2260079,2.0,2.0,3.0,-0.8262783,1.0,1.0,4.0,0.6,0.04101907,3.0,3.0,,-0.32609147,4.0,4.0,4.0,0.71840584,3.0,2.0,2.0,-0.10571505,0.0,0.0,0.0,-0.88890743,0.70433486
1.0,49.0,LULUWA,1.0,,80.60606060606061,22.424242424242426,3 4 6,4.0,3.0,1.0,1.0,1.0,1.0,3.0,3.0,3.0,4.0,1.0,2.0,2.0,2.0,4.0,3.0,3.0,1.0,5.0,1.0,1.0,0.4,2.0,4,14.0,,,,,1.0,3,0.0,49.0,2401.0,1.0,,4.0,18.0,1.0,1.0,1.0,1.0,1.0570327,4.0,4.0,1.1915566,4.0,4.0,0.75788444,3.0,2.0,4.0,3.0,-0.59952575,5.0,4.0,1.0,2.0,0.73442894,2.0,2.0,4.0,-0.3584784,1.0,1.0,3.0,0.6,-0.276962,4.0,3.0,0.0,0.091019616,3.0,3.0,2.0,-0.85953027,3.0,3.0,3.0,0.64600813,1.0,1.0,0.0,1.3575524,-1.2867084
1.0,31.0,SONGE,0.0,2006.0,484.8484848484849,18.181818181818183,3 4,4.0,3.0,1.0,2.0,1.0,1.0,2.0,3.0,2.0,2.0,2.0,2.0,2.0,4.0,2.0,3.0,3.0,3.0,4.0,1.0,1.0,0.8,3.0,4,15.0,,,,,,1,0.0,31.0,961.0,0.0,12.0,4.0,18.0,1.0,1.0,1.0,1.0,1.0570327,4.0,3.0,0.56433606,4.0,4.0,0.75788444,2.0,3.0,3.0,1.0,-1.471807,4.0,3.0,1.0,2.0,-0.25574958,2.0,2.0,2.0,-1.2940782,0.0,2.0,4.0,0.2,-0.85875285,4.0,3.0,0.0,0.091019616,,,,,,,,,0.0,0.0,0.0,-0.88890743,
1.0,37.0,LUNTU,1.0,,54.54545454545455,9.696969696969697,0,4.0,5.0,1.0,1.0,1.0,2.0,3.0,3.0,2.0,3.0,2.0,1.0,1.0,2.0,1.0,2.0,2.0,1.0,1.0,1.0,1.0,0.1,4.0,9999,16.0,,,,,,1,0.0,37.0,1369.0,0.0,,4.0,20.0,1.0,1.0,0.0,0.0,-1.0864509,4.0,4.0,1.1915566,4.0,3.0,0.16854718,0.0,3.0,3.0,3.0,-0.3730008,4.0,5.0,1.0,2.0,0.77953047,3.0,3.0,4.0,0.37272942,1.0,3.0,7.0,0.9,2.248975,4.0,3.0,0.0,0.091019616,,,,,,,,,0.0,0.0,0.0,-0.88890743,
2.0,27.0,LULUWA,0.0,1993.0,181.8181818181818,90.9090909090909,4,4.0,5.0,1.0,1.0,1.0,1.0,3.0,3.0,1.0,2.0,1.0,1.0,2.0,1.0,2.0,3.0,3.0,3.0,3.0,1.0,1.0,0.5,4.0,9999,17.0,,,,,,1,1.0,27.0,729.0,1.0,25.0,4.0,20.0,1.0,1.0,0.0,1.0,0.046917908,4.0,4.0,1.1915566,4.0,4.0,0.75788444,1.0,4.0,4.0,4.0,1.4247779,5.0,3.0,1.0,2.0,0.21678892,2.0,2.0,2.0,-1.2940782,0.0,1.0,5.0,0.5,-0.5743873,4.0,3.0,0.0,0.091019616,,,,,,,,,0.0,0.0,1.0,0.30434754,
1.0,46.0,LUNTU,0.0,1996.0,90.9090909090909,21.21212121212121,3,3.0,6.0,1.0,2.0,1.0,2.0,3.0,3.0,2.0,2.0,2.0,2.0,2.0,2.0,4.0,3.0,3.0,3.0,4.0,1.0,1.0,0.2,2.0,other,18.0,,,,,3.0,3,0.0,46.0,2116.0,0.0,22.0,3.0,15.0,1.0,0.0,0.0,1.0,-1.4259772,4.0,3.0,0.56433606,4.0,3.0,0.16854718,1.0,3.0,3.0,3.0,-0.3730008,5.0,5.0,1.0,2.0,1.252069,2.0,2.0,2.0,-1.2940782,1.0,1.0,4.0,0.8,0.30474833,4.0,3.0,,0.482099,4.0,2.0,3.0,-0.38678652,2.0,2.0,2.0,-0.6187599,1.0,1.0,0.0,1.3575524,0.198256
1.0,28.0,LULUWA,1.0,,54.54545454545455,16.96969696969697,3,3.0,6.0,1.0,2.0,2.0,3.0,3.0,3.0,2.0,2.0,2.0,2.0,2.0,1.0,4.0,2.0,1.0,1.0,4.0,1.0,1.0,0.0,1.0,9999,19.0,,,,,,1,0.0,28.0,784.0,1.0,,3.0,15.0,1.0,1.0,1.0,1.0,1.0570327,4.0,3.0,0.56433606,3.0,2.0,-1.0684861,1.0,3.0,3.0,4.0,0.17640227,5.0,5.0,1.0,1.0,0.23670913,3.0,4.0,4.0,0.75097877,1.0,3.0,4.0,1.0,1.4268963,4.0,3.0,0.0,0.091019616,,,,,,,,,1.0,1.0,0.0,1.3575524,
1.0,22.0,KUBA,1.0,,90.9090909090909,4.545454545454546,3,4.0,4.0,2.0,3.0,2.0,2.0,3.0,3.0,2.0,2.0,4.0,2.0,2.0,2.0,2.0,2.0,2.0,1.0,4.0,1.0,1.0,0.2,4.0,7,20.0,,,,,4.0,3,0.0,22.0,484.0,0.0,,4.0,19.0,1.0,1.0,0.0,1.0,0.046917908,3.0,2.0,-0.6871943,3.0,3.0,-0.47914892,1.0,3.0,1.0,3.0,-1.3948514,5.0,3.0,1.0,1.0,-0.7985709,3.0,3.0,4.0,0.37272942,1.0,3.0,4.0,0.8,1.1631672,4.0,3.0,0.0,0.091019616,4.0,3.0,1.0,-0.7256857,3.0,5.0,5.0,2.1494544,0.0,1.0,0.0,0.3237034,-2.4572384
1.0,29.0,LULUWA,0.0,2009.0,39.39393939393939,10.303030303030303,3,4.0,5.0,3.0,3.0,2.0,2.0,3.0,2.0,1.0,1.0,1.0,1.0,2.0,1.0,4.0,4.0,4.0,2.0,4.0,1.0,1.0,0.6,4.0,2,21.0,,,,,,1,0.0,29.0,841.0,1.0,9.0,4.0,20.0,1.0,0.0,0.0,1.0,-1.4259772,2.0,2.0,-1.3115042,3.0,3.0,-0.47914892,1.0,4.0,4.0,4.0,1.4247779,3.0,3.0,2.0,2.0,0.023904312,1.0,1.0,3.0,-1.5574862,1.0,1.0,4.0,0.4,-0.2227102,4.0,3.0,0.0,0.091019616,,,,,,,,,0.0,0.0,0.0,-0.88890743,
2.0,30.0,LUALUA,0.0,2008.0,290.90909090909093,24.242424242424242,3,3.0,6.0,1.0,2.0,2.0,3.0,3.0,3.0,1.0,1.0,1.0,1.0,2.0,3.0,4.0,2.0,2.0,2.0,7.0,2.0,1.0,0.9,4.0,4,22.0,,,,,3.0,3,1.0,30.0,900.0,0.0,10.0,3.0,15.0,1.0,1.0,1.0,1.0,1.0570327,4.0,3.0,0.56433606,3.0,2.0,-1.0684861,1.0,4.0,4.0,2.0,0.3259718,3.0,3.0,1.0,2.0,-0.7282881,3.0,3.0,3.0,-0.09507048,1.0,1.0,1.0,0.1,-1.5722474,4.0,2.0,,-0.42399675,3.0,3.0,3.0,-0.50293213,3.0,2.0,2.0,-0.10571505,0.0,0.0,1.0,0.30434754,-0.33948156
1.0,39.0,LULUWA,0.0,1990.0,54.54545454545455,9.090909090909092,4 5,4.0,3.0,2.0,2.0,2.0,3.0,3.0,2.0,2.0,2.0,2.0,2.0,2.0,2.0,2.0,2.0,2.0,2.0,4.0,2.0,2.0,0.2,1.0,2,23.0,,,,,,1,0.0,39.0,1521.0,1.0,28.0,4.0,18.0,1.0,1.0,1.0,1.0,1.0570327,3.0,3.0,-0.05997383,3.0,2.0,-1.0684861,2.0,3.0,3.0,3.0,-0.3730008,5.0,5.0,2.0,2.0,2.0042615,3.0,3.0,3.0,-0.09507048,0.0,3.0,4.0,0.8,0.36164442,3.0,2.0,0.0,-1.6232667,,,,,,,,,1.0,0.0,0.0,0.14494167,
1.0,38.0,KETE,0.0,2012.0,54.54545454545455,12.727272727272727,3,4.0,3.0,2.0,2.0,1.0,2.0,3.0,3.0,2.0,3.0,2.0,2.0,1.0,1.0,2.0,1.0,1.0,1.0,2.0,1.0,1.0,0.25,4.0,9999,25.0,,,,,,1,0.0,38.0,1444.0,0.0,6.0,4.0,18.0,1.0,1.0,0.0,1.0,0.046917908,3.0,3.0,-0.05997383,4.0,3.0,0.16854718,1.0,3.0,3.0,4.0,0.17640227,5.0,2.0,1.0,1.0,-1.3162109,4.0,4.0,4.0,1.1039371,1.0,2.0,6.0,0.75,1.3039876,4.0,3.0,1.0,1.0687182,,,,,,,,,0.0,0.0,0.0,-0.88890743,
1.0,24.0,LUALUA,1.0,,78.78787878787878,21.21212121212121,1 3,4.0,5.0,1.0,1.0,1.0,1.0,3.0,3.0,1.0,2.0,1.0,1.0,1.0,1.0,2.0,4.0,2.0,2.0,3.0,1.0,1.0,0.2,1.0,7,26.0,,,,,,1,0.0,24.0,576.0,0.0,,4.0,20.0,1.0,1.0,1.0,1.0,1.0570327,4.0,4.0,1.1915566,4.0,4.0,0.75788444,2.0,4.0,4.0,4.0,1.4247779,4.0,3.0,1.0,2.0,-0.25574958,1.0,3.0,3.0,-0.8009874,1.0,1.0,5.0,0.8,0.6227294,4.0,3.0,0.0,0.091019616,,,,,,,,,1.0,0.0,0.0,0.14494167,
1.0,23.0,LUALUA,1.0,,54.54545454545455,18.181818181818183,3,3.0,2.0,2.0,2.0,2.0,2.0,3.0,3.0,2.0,2.0,2.0,2.0,2.0,2.0,2.0,4.0,1.0,1.0,4.0,1.0,1.0,0.0,4.0,other,27.0,,,,,5.0,3,0.0,23.0,529.0,0.0,,3.0,11.0,1.0,1.0,1.0,1.0,1.0570327,3.0,3.0,-0.05997383,3.0,3.0,-0.47914892,1.0,3.0,3.0,3.0,-0.3730008,3.0,3.0,1.0,1.0,-1.7436479,1.0,4.0,4.0,0.045061793,1.0,2.0,4.0,1.0,0.99768704,4.0,3.0,1.0,1.0687182,4.0,3.0,5.0,0.70070684,1.0,3.0,4.0,0.012298987,0.0,1.0,1.0,1.5169584,0.5883477
2.0,24.0,LUALUA,1.0,,90.9090909090909,9.090909090909092,3 6,3.0,2.0,3.0,3.0,3.0,3.0,2.0,1.0,2.0,3.0,3.0,2.0,3.0,2.0,2.0,3.0,3.0,3.0,4.0,2.0,1.0,0.5,2.0,2,28.0,,,,,,1,1.0,24.0,576.0,0.0,,3.0,11.0,1.0,1.0,0.0,0.0,-1.0864509,2.0,2.0,-1.3115042,2.0,2.0,-1.7161822,2.0,3.0,2.0,3.0,-0.8839262,3.0,3.0,3.0,2.0,0.77609664,2.0,2.0,2.0,-1.2940782,1.0,2.0,4.0,0.5,0.33836383,4.0,2.0,1.0,0.16262238,,,,,,,,,1.0,0.0,0.0,0.14494167,
1.0,28.0,LUALUA,0.0,1992.0,57.57575757575758,20.0,3,4.0,5.0,1.0,1.0,1.0,1.0,3.0,3.0,1.0,2.0,2.0,1.0,3.0,1.0,2.0,4.0,3.0,3.0,4.0,1.0,1.0,0.8,1.0,other,29.0,,,,,,1,0.0,28.0,784.0,0.0,26.0,4.0,20.0,1.0,1.0,1.0,1.0,1.0570327,4.0,4.0,1.1915566,4.0,4.0,0.75788444,1.0,4.0,3.0,4.0,0.9138526,3.0,5.0,1.0,2.0,0.30699193,1.0,2.0,2.0,-1.6470366,0.0,1.0,4.0,0.2,-1.2879623,4.0,3.0,1.0,1.0687182,,,,,,,,,1.0,1.0,0.0,1.3575524,
1.0,34.0,LUALUA,1.0,,105.45454545454545,30.303030303030305,3 6,4.0,1.0,2.0,2.0,2.0,2.0,1.0,1.0,1.0,2.0,2.0,2.0,2.0,1.0,2.0,2.0,2.0,2.0,4.0,1.0,1.0,0.0,4.0,9999,30.0,,,,,4.0,3,0.0,34.0,1156.0,0.0,,4.0,16.0,1.0,1.0,0.0,1.0,0.046917908,3.0,3.0,-0.05997383,3.0,3.0,-0.47914892,2.0,4.0,3.0,4.0,0.9138526,5.0,3.0,3.0,2.0,1.7211735,3.0,3.0,3.0,-0.09507048,0.0,1.0,4.0,1.0,-0.23304525,4.0,3.0,1.0,1.0687182,2.0,4.0,3.0,-0.6190778,4.0,4.0,4.0,1.9107761,0.0,0.0,0.0,-0.88890743,-2.1621394
1.0,35.0,MONGO,0.0,2014.0,60.60606060606061,6.363636363636363,0,3.0,2.0,2.0,2.0,1.0,1.0,3.0,3.0,2.0,2.0,2.0,2.0,1.0,2.0,2.0,1.0,1.0,1.0,4.0,1.0,1.0,0.7,1.0,2,31.0,,,,,,1,0.0,35.0,1225.0,0.0,4.0,3.0,11.0,1.0,1.0,0.0,1.0,0.046917908,3.0,3.0,-0.05997383,4.0,4.0,0.75788444,0.0,3.0,3.0,3.0,-0.3730008,5.0,4.0,1.0,2.0,0.73442894,4.0,4.0,4.0,1.1039371,0.0,2.0,4.0,0.3,-0.7268882,4.0,3.0,0.0,0.091019616,,,,,,,,,1.0,0.0,1.0,1.3381968,
2.0,23.0,LUALUA,0.0,1994.0,49.09090909090909,13.93939393939394,0,3.0,2.0,2.0,2.0,2.0,2.0,4.0,3.0,1.0,2.0,3.0,3.0,3.0,2.0,4.0,1.0,1.0,1.0,1.0,1.0,1.0,0.5,4.0,2,32.0,,,,,,1,1.0,23.0,529.0,0.0,24.0,3.0,11.0,1.0,1.0,1.0,1.0,1.0570327,3.0,3.0,-0.05997383,3.0,3.0,-0.47914892,0.0,4.0,2.0,3.0,-0.1464759,5.0,5.0,1.0,1.0,0.23670913,4.0,4.0,4.0,1.1039371,1.0,2.0,7.0,0.5,1.292307,4.0,3.0,1.0,1.0687182,,,,,,,,,0.0,1.0,0.0,0.3237034,
1.0,36.0,LUALUA,1.0,,39.39393939393939,6.0606060606060606,0,4.0,3.0,2.0,2.0,1.0,1.0,1.0,2.0,2.0,2.0,2.0,2.0,2.0,2.0,2.0,1.0,1.0,1.0,2.0,1.0,1.0,0.5,4.0,other,33.0,,,,,,1,0.0,36.0,1296.0,0.0,,4.0,18.0,1.0,1.0,0.0,1.0,0.046917908,3.0,3.0,-0.05997383,4.0,4.0,0.75788444,0.0,3.0,3.0,3.0,-0.3730008,3.0,5.0,2.0,2.0,1.0591843,4.0,4.0,4.0,1.1039371,1.0,2.0,6.0,0.5,0.9743261,4.0,3.0,0.0,0.091019616,,,,,,,,,0.0,0.0,0.0,-0.88890743,
1.0,28.0,LUALUA,1.0,,36.36363636363637,7.2727272727272725,3,4.0,3.0,3.0,3.0,2.0,2.0,3.0,3.0,2.0,2.0,3.0,2.0,2.0,1.0,2.0,3.0,3.0,2.0,4.0,1.0,1.0,0.4,4.0,9999,34.0,,,,,5.0,3,0.0,28.0,784.0,0.0,,4.0,18.0,1.0,1.0,0.0,1.0,0.046917908,2.0,2.0,-1.3115042,3.0,3.0,-0.47914892,1.0,3.0,2.0,4.0,-0.33452314,5.0,3.0,1.0,2.0,0.21678892,2.0,2.0,3.0,-0.8262783,1.0,1.0,4.0,0.6,0.04101907,4.0,3.0,0.0,0.091019616,5.0,3.0,5.0,1.1911496,3.0,1.0,3.0,-0.072677106,0.0,0.0,0.0,-0.88890743,1.0801294
1.0,26.0,LUALUA,1.0,,121.21212121212122,30.303030303030305,3 4,3.0,6.0,2.0,2.0,1.0,1.0,3.0,3.0,2.0,2.0,4.0,1.0,2.0,2.0,2.0,1.0,1.0,1.0,4.0,2.0,2.0,0.1,4.0,4,35.0,,,,,4.0,3,0.0,26.0,676.0,0.0,,3.0,15.0,1.0,1.0,1.0,0.0,-0.0763361,3.0,3.0,-0.05997383,4.0,4.0,0.75788444,2.0,3.0,1.0,3.0,-1.3948514,3.0,3.0,1.0,1.0,-1.7436479,4.0,4.0,4.0,1.1039371,0.0,1.0,4.0,0.9,-0.3649099,3.0,2.0,1.0,-0.64556813,3.0,3.0,4.0,-0.14633396,3.0,4.0,3.0,1.0053507,0.0,0.0,1.0,0.30434754,-0.9842872
1.0,28.0,LUNTU,1.0,,18.181818181818183,1.2121212121212122,3,4.0,3.0,2.0,2.0,1.0,1.0,1.0,3.0,1.0,1.0,1.0,1.0,1.0,1.0,1.0,2.0,2.0,2.0,1.0,1.0,1.0,0.5,3.0,9999,36.0,,,,,,1,0.0,28.0,784.0,0.0,,4.0,18.0,1.0,1.0,0.0,1.0,0.046917908,3.0,3.0,-0.05997383,4.0,4.0,0.75788444,1.0,4.0,4.0,4.0,1.4247779,3.0,4.0,1.0,1.0,-1.2260079,3.0,3.0,3.0,-0.09507048,1.0,3.0,7.0,0.5,1.7215164,4.0,3.0,0.0,0.091019616,,,,,,,,,0.0,1.0,0.0,0.3237034,
1.0,21.0,LULUWA,0.0,2010.0,0.0,0.0,0,3.0,6.0,2.0,3.0,1.0,1.0,4.0,3.0,1.0,4.0,1.0,2.0,4.0,1.0,4.0,3.0,3.0,3.0,4.0,1.0,1.0,,4.0,4,37.0,,,,,3.0,3,0.0,21.0,441.0,1.0,8.0,3.0,15.0,1.0,0.0,1.0,0.0,-1.5492313,3.0,2.0,-0.6871943,4.0,4.0,0.75788444,0.0,4.0,4.0,4.0,1.4247779,3.0,3.0,1.0,2.0,-0.7282881,2.0,2.0,2.0,-1.2940782,0.0,1.0,4.0,,-0.78245986,4.0,3.0,0.0,0.091019616,4.0,3.0,3.0,-0.012489427,2.0,2.0,2.0,-0.6187599,0.0,0.0,0.0,-0.88890743,0.51814896
2.0,25.0,LULUWA,0.0,2000.0,18.181818181818183,9.090909090909092,3 4 6,3.0,6.0,4.0,4.0,4.0,4.0,3.0,3.0,2.0,2.0,2.0,2.0,2.0,2.0,2.0,1.0,1.0,1.0,4.0,2.0,2.0,0.5,1.0,other,38.0,,,,,,1,1.0,25.0,625.0,1.0,18.0,3.0,15.0,1.0,1.0,0.0,1.0,0.046917908,1.0,1.0,-2.5630345,1.0,1.0,-2.9532156,3.0,3.0,3.0,3.0,-0.3730008,4.0,5.0,1.0,2.0,0.77953047,4.0,4.0,4.0,1.1039371,0.0,3.0,4.0,0.5,-0.033949513,3.0,2.0,,-1.2321873,,,,,,,,,1.0,1.0,0.0,1.3575524,
2.0,27.0,LUALUA,1.0,,42.42424242424242,4.242424242424242,3 4 5,3.0,5.0,3.0,3.0,3.0,3.0,3.0,1.0,2.0,2.0,2.0,2.0,2.0,4.0,2.0,1.0,1.0,1.0,4.0,1.0,1.0,0.0,3.0,9999,39.0,,,,,,1,1.0,27.0,729.0,0.0,,3.0,14.0,1.0,1.0,1.0,0.0,-0.0763361,2.0,2.0,-1.3115042,2.0,2.0,-1.7161822,3.0,3.0,3.0,1.0,-1.471807,5.0,5.0,3.0,2.0,2.7564538,4.0,4.0,4.0,1.1039371,0.0,1.0,4.0,1.0,-0.23304525,4.0,3.0,0.0,0.091019616,,,,,,,,,0.0,0.0,0.0,-0.88890743,
1.0,44.0,LULUWA,1.0,,121.21212121212122,21.21212121212121,4,4.0,3.0,1.0,1.0,1.0,1.0,3.0,3.0,1.0,3.0,1.0,2.0,2.0,1.0,4.0,3.0,3.0,3.0,3.0,1.0,3.0,0.0,3.0,4,40.0,,,,,5.0,3,0.0,44.0,1936.0,1.0,,4.0,18.0,1.0,1.0,1.0,1.0,1.0570327,4.0,4.0,1.1915566,4.0,4.0,0.75788444,1.0,4.0,4.0,4.0,1.4247779,4.0,3.0,1.0,2.0,-0.25574958,2.0,2.0,2.0,-1.2940782,0.0,1.0,5.0,1.0,0.08493586,2.0,3.0,,-1.1342819,5.0,4.0,4.0,1.2088485,2.0,1.0,2.0,-0.97810256,0.0,0.0,0.0,-0.88890743,1.8690777
1.0,26.0,LUALUA,1.0,,9.090909090909092,7.2727272727272725,1 3 6,3.0,2.0,1.0,1.0,1.0,1.0,4.0,3.0,1.0,3.0,2.0,1.0,1.0,1.0,1.0,3.0,4.0,2.0,3.0,3.0,1.0,0.8,4.0,6,41.0,,,,,5.0,3,0.0,26.0,676.0,0.0,,3.0,11.0,1.0,1.0,1.0,1.0,1.0570327,4.0,4.0,1.1915566,4.0,4.0,0.75788444,3.0,4.0,3.0,4.0,0.9138526,5.0,3.0,1.0,2.0,0.21678892,2.0,1.0,3.0,-1.2045276,0.0,1.0,5.0,0.2,-0.96998125,4.0,1.0,0.0,-1.7211721,3.0,3.0,3.0,-0.50293213,4.0,1.0,1.0,-0.34439346,0.0,0.0,0.0,-0.88890743,-0.13549507
1.0,44.0,LULUWA,1.0,,46.06060606060606,25.454545454545453,3,4.0,2.0,1.0,2.0,2.0,2.0,2.0,2.0,1.0,3.0,2.0,4.0,2.0,2.0,4.0,2.0,2.0,2.0,3.0,2.0,1.0,0.0,4.0,5,42.0,,,,,,1,0.0,44.0,1936.0,1.0,,4.0,17.0,1.0,1.0,1.0,1.0,1.0570327,4.0,3.0,0.56433606,3.0,3.0,-0.47914892,1.0,4.0,3.0,3.0,0.3644495,5.0,5.0,2.0,2.0,2.0042615,3.0,3.0,3.0,-0.09507048,0.0,2.0,5.0,1.0,0.5141453,4.0,2.0,0.0,-0.8150761,,,,,,,,,0.0,0.0,0.0,-0.88890743,
1.0,29.0,LULUWA,1.0,,120.3030303030303,18.181818181818183,3,4.0,5.0,1.0,1.0,1.0,2.0,3.0,3.0,2.0,2.0,2.0,2.0,2.0,2.0,2.0,4.0,4.0,4.0,4.0,2.0,2.0,0.8,4.0,9999,43.0,,,,,,1,0.0,29.0,841.0,1.0,,4.0,20.0,1.0,1.0,1.0,1.0,1.0570327,4.0,4.0,1.1915566,4.0,3.0,0.16854718,1.0,3.0,3.0,3.0,-0.3730008,3.0,3.0,1.0,2.0,-0.7282881,1.0,1.0,1.0,-2.4930859,0.0,1.0,4.0,0.2,-1.2879623,3.0,2.0,0.0,-1.6232667,,,,,,,,,0.0,1.0,0.0,0.3237034,
1.0,24.0,LULUWA,1.0,,339.3939393939394,72.72727272727273,1 3 4 5 6,4.0,5.0,2.0,2.0,1.0,1.0,2.0,3.0,2.0,4.0,2.0,2.0,2.0,2.0,2.0,2.0,2.0,2.0,4.0,1.0,1.0,0.5,1.0,2,44.0,,,,,,1,0.0,24.0,576.0,1.0,,4.0,20.0,1.0,1.0,1.0,1.0,1.0570327,3.0,3.0,-0.05997383,4.0,4.0,0.75788444,5.0,3.0,3.0,3.0,-0.3730008,5.0,5.0,1.0,1.0,0.23670913,3.0,3.0,3.0,-0.09507048,0.0,1.0,4.0,0.5,-0.89236844,4.0,3.0,0.0,0.091019616,,,,,,,,,1.0,0.0,1.0,1.3381968,
1.0,30.0,LUALUA,1.0,,151.5151515151515,27.272727272727273,3 4 6,3.0,3.0,2.0,2.0,2.0,2.0,3.0,3.0,2.0,2.0,4.0,2.0,2.0,2.0,2.0,1.0,1.0,1.0,3.0,1.0,1.0,0.4,4.0,9999,45.0,,,,,1.0,3,0.0,30.0,900.0,0.0,,3.0,12.0,1.0,1.0,1.0,1.0,1.0570327,3.0,3.0,-0.05997383,3.0,3.0,-0.47914892,3.0,3.0,1.0,3.0,-1.3948514,5.0,5.0,1.0,2.0,1.252069,4.0,4.0,4.0,1.1039371,0.0,1.0,5.0,0.6,-0.44252262,4.0,3.0,,0.482099,3.0,1.0,1.0,-1.9647226,2.0,2.0,1.0,-1.0111405,0.0,0.0,0.0,-0.88890743,-0.8149789
1.0,39.0,LUALUA,1.0,,54.54545454545455,6.0606060606060606,3,2.0,1.0,4.0,4.0,4.0,4.0,3.0,3.0,2.0,3.0,1.0,1.0,2.0,2.0,1.0,1.0,1.0,1.0,1.0,1.0,1.0,0.0,1.0,4,46.0,,,,,,1,0.0,39.0,1521.0,0.0,,2.0,4.0,1.0,1.0,1.0,0.0,-0.0763361,1.0,1.0,-2.5630345,1.0,1.0,-2.9532156,1.0,3.0,4.0,3.0,0.13792461,5.0,5.0,1.0,1.0,0.23670913,4.0,4.0,4.0,1.1039371,0.0,3.0,7.0,1.0,1.5793169,4.0,3.0,0.0,0.091019616,,,,,,,,,1.0,1.0,1.0,2.5508075,
1.0,26.0,LUALUA,1.0,,72.72727272727273,18.181818181818183,3 4 5,4.0,5.0,2.0,2.0,1.0,1.0,4.0,3.0,1.0,3.0,1.0,2.0,2.0,2.0,2.0,3.0,4.0,1.0,2.0,1.0,1.0,0.7,1.0,other,47.0,,,,,5.0,3,0.0,26.0,676.0,0.0,,4.0,20.0,1.0,1.0,0.0,0.0,-1.0864509,3.0,3.0,-0.05997383,4.0,4.0,0.75788444,3.0,4.0,4.0,3.0,0.87537485,3.0,4.0,1.0,1.0,-1.2260079,2.0,1.0,4.0,-0.7367277,1.0,2.0,6.0,0.3,0.7105968,4.0,3.0,0.0,0.091019616,3.0,4.0,5.0,0.58456117,3.0,4.0,3.0,1.0053507,1.0,0.0,0.0,0.14494167,-0.35962775
1.0,42.0,LUALUA,0.0,2011.0,181.8181818181818,27.272727272727273,3 4 5,4.0,3.0,1.0,1.0,1.0,1.0,3.0,2.0,1.0,3.0,1.0,2.0,2.0,2.0,1.0,1.0,1.0,1.0,4.0,1.0,2.0,0.2,4.0,9999,48.0,,,,,3.0,3,0.0,42.0,1764.0,0.0,7.0,4.0,18.0,1.0,1.0,1.0,1.0,1.0570327,4.0,4.0,1.1915566,4.0,4.0,0.75788444,3.0,4.0,4.0,3.0,0.87537485,5.0,3.0,2.0,2.0,0.96898127,4.0,4.0,4.0,1.1039371,0.0,2.0,4.0,0.8,-0.06756502,3.0,3.0,0.0,-0.7171709,3.0,2.0,1.0,-1.5904254,1.0,1.0,1.0,-1.883528,0.0,0.0,0.0,-0.88890743,0.25050014
2.0,30.0,LUALUA,0.0,1993.0,272.72727272727275,42.42424242424242,3 4 5 6,4.0,3.0,1.0,1.0,1.0,1.0,2.0,1.0,1.0,4.0,2.0,1.0,1.0,1.0,1.0,4.0,4.0,3.0,6.0,2.0,4.0,,4.0,9999,49.0,,,,,,1,1.0,30.0,900.0,0.0,25.0,4.0,18.0,1.0,1.0,1.0,0.0,-0.0763361,4.0,4.0,1.1915566,4.0,4.0,0.75788444,4.0,4.0,3.0,4.0,0.9138526,4.0,3.0,3.0,2.0,1.2486352,1.0,1.0,2.0,-2.0252862,0.0,1.0,2.0,,-1.418422,1.0,2.0,,-2.8485682,,,,,,,,,0.0,0.0,0.0,-0.88890743,
1.0,31.0,TETELA,0.0,2000.0,36.36363636363637,10.303030303030303,3,2.0,2.0,2.0,2.0,1.0,1.0,3.0,3.0,1.0,1.0,1.0,1.0,1.0,1.0,1.0,1.0,1.0,1.0,3.0,1.0,1.0,0.6,1.0,3,50.0,,,,,,1,0.0,31.0,961.0,0.0,18.0,2.0,5.0,1.0,1.0,0.0,1.0,0.046917908,3.0,3.0,-0.05997383,4.0,4.0,0.75788444,1.0,4.0,4.0,4.0,1.4247779,3.0,3.0,1.0,2.0,-0.7282881,4.0,4.0,4.0,1.1039371,0.0,2.0,5.0,0.4,-0.27704248,4.0,3.0,1.0,1.0687182,,,,,,,,,1.0,0.0,0.0,0.14494167,
1.0,34.0,LUALUA,0.0,1989.0,90.9090909090909,12.121212121212121,1 3 4 5 6,4.0,3.0,2.0,2.0,1.0,1.0,3.0,2.0,1.0,2.0,2.0,1.0,2.0,1.0,2.0,3.0,1.0,1.0,1.0,1.0,1.0,0.2,3.0,9999,52.0,,,,,3.0,3,0.0,34.0,1156.0,0.0,29.0,4.0,18.0,1.0,1.0,1.0,1.0,1.0570327,3.0,3.0,-0.05997383,4.0,4.0,0.75788444,5.0,4.0,3.0,4.0,0.9138526,3.0,3.0,2.0,2.0,0.023904312,2.0,4.0,4.0,0.39802027,0.0,1.0,7.0,0.8,0.45716876,4.0,3.0,1.0,1.0687182,2.0,4.0,2.0,-0.9756759,2.0,2.0,2.0,-0.6187599,0.0,0.0,0.0,-0.88890743,-0.30503824
1.0,27.0,LUALUA,0.0,1998.0,18.181818181818183,5.454545454545454,3,4.0,5.0,3.0,3.0,1.0,1.0,3.0,3.0,2.0,2.0,2.0,2.0,2.0,1.0,1.0,1.0,1.0,1.0,4.0,1.0,1.0,0.0,3.0,9999,53.0,,,,,,1,0.0,27.0,729.0,0.0,20.0,4.0,20.0,1.0,1.0,1.0,1.0,1.0570327,2.0,2.0,-1.3115042,4.0,4.0,0.75788444,1.0,3.0,3.0,4.0,0.17640227,5.0,5.0,1.0,2.0,1.252069,4.0,4.0,4.0,1.1039371,1.0,2.0,4.0,1.0,0.99768704,4.0,3.0,1.0,1.0687182,,,,,,,,,0.0,0.0,0.0,-0.88890743,
1.0,35.0,KUBA,1.0,,60.60606060606061,3.0303030303030303,3,2.0,2.0,3.0,4.0,3.0,4.0,4.0,3.0,1.0,1.0,2.0,2.0,2.0,2.0,1.0,1.0,1.0,1.0,3.0,1.0,2.0,0.0,3.0,9999,54.0,,,,,,1,0.0,35.0,1225.0,0.0,,2.0,5.0,1.0,1.0,1.0,0.0,-0.0763361,2.0,1.0,-1.9387248,2.0,1.0,-2.3055196,1.0,4.0,3.0,3.0,0.3644495,3.0,3.0,1.0,1.0,-1.7436479,4.0,4.0,4.0,1.1039371,1.0,2.0,5.0,1.0,1.3156681,3.0,3.0,1.0,0.26052764,,,,,,,,,0.0,1.0,1.0,1.5169584,
1.0,29.0,LUALUA,1.0,,60.60606060606061,24.242424242424242,0,4.0,5.0,1.0,1.0,1.0,1.0,2.0,2.0,2.0,3.0,1.0,3.0,2.0,1.0,4.0,1.0,3.0,2.0,4.0,1.0,1.0,0.5,3.0,4,55.0,,,,,,1,0.0,29.0,841.0,0.0,,4.0,20.0,1.0,1.0,0.0,0.0,-1.0864509,4.0,4.0,1.1915566,4.0,4.0,0.75788444,0.0,3.0,4.0,4.0,0.6873277,3.0,3.0,2.0,2.0,0.023904312,4.0,2.0,3.0,-0.120361336,1.0,2.0,4.0,0.5,0.33836383,4.0,3.0,0.0,0.091019616,,,,,,,,,0.0,0.0,0.0,-0.88890743,
1.0,26.0,LUALUA,1.0,,6.0606060606060606,0.6060606060606061,3 4 5,4.0,4.0,1.0,1.0,3.0,3.0,3.0,3.0,2.0,2.0,1.0,2.0,2.0,1.0,1.0,1.0,1.0,1.0,1.0,1.0,1.0,0.3,4.0,9999,56.0,,,,,,1,0.0,26.0,676.0,0.0,,4.0,19.0,1.0,1.0,0.0,0.0,-1.0864509,4.0,4.0,1.1915566,2.0,2.0,-1.7161822,3.0,3.0,4.0,4.0,0.6873277,3.0,3.0,1.0,1.0,-1.7436479,4.0,4.0,4.0,1.1039371,1.0,4.0,7.0,0.7,2.4144552,4.0,3.0,0.0,0.091019616,,,,,,,,,0.0,0.0,0.0,-0.88890743,
2.0,28.0,LULUWA,1.0,,15.151515151515152,0.0,0,4.0,5.0,1.0,2.0,1.0,1.0,3.0,3.0,1.0,1.0,1.0,2.0,3.0,3.0,3.0,2.0,2.0,2.0,3.0,1.0,2.0,1.0,1.0,4,57.0,,,,,,1,1.0,28.0,784.0,1.0,,4.0,20.0,1.0,1.0,1.0,1.0,1.0570327,4.0,3.0,0.56433606,4.0,4.0,0.75788444,0.0,4.0,4.0,2.0,0.3259718,5.0,5.0,1.0,2.0,1.252069,3.0,3.0,3.0,-0.09507048,0.0,1.0,5.0,0.0,-1.2337104,3.0,3.0,0.0,-0.7171709,,,,,,,,,1.0,1.0,0.0,1.3575524,
1.0,29.0,LUALUA,1.0,,200.0,8.484848484848484,3 4,4.0,3.0,1.0,1.0,1.0,1.0,3.0,3.0,1.0,1.0,1.0,1.0,1.0,1.0,1.0,1.0,1.0,1.0,3.0,1.0,1.0,0.0,4.0,9999,58.0,,,,,,1,0.0,29.0,841.0,0.0,,4.0,18.0,1.0,1.0,0.0,1.0,0.046917908,4.0,4.0,1.1915566,4.0,4.0,0.75788444,2.0,4.0,4.0,4.0,1.4247779,3.0,3.0,1.0,2.0,-0.7282881,4.0,4.0,4.0,1.1039371,0.0,2.0,5.0,1.0,0.5141453,4.0,3.0,,0.482099,,,,,,,,,0.0,0.0,0.0,-0.88890743,
1.0,21.0,LUALUA,1.0,,90.9090909090909,12.727272727272727,3 4 5,2.0,2.0,3.0,3.0,3.0,3.0,3.0,3.0,2.0,3.0,3.0,2.0,3.0,4.0,1.0,1.0,1.0,1.0,3.0,2.0,1.0,0.2,3.0,1,59.0,,,,,,1,0.0,21.0,441.0,0.0,,2.0,5.0,1.0,1.0,1.0,1.0,1.0570327,2.0,2.0,-1.3115042,2.0,2.0,-1.7161822,3.0,3.0,2.0,1.0,-1.9827324,5.0,3.0,1.0,1.0,-0.7985709,4.0,4.0,4.0,1.1039371,1.0,2.0,5.0,0.8,1.0519389,4.0,2.0,0.0,-0.8150761,,,,,,,,,0.0,1.0,1.0,1.5169584,
1.0,33.0,LULUWA,1.0,,66.66666666666667,12.121212121212121,1 3,4.0,2.0,1.0,1.0,1.0,1.0,4.0,3.0,2.0,3.0,2.0,2.0,2.0,2.0,2.0,2.0,1.0,1.0,4.0,1.0,1.0,1.0,4.0,5,60.0,,,,,,1,0.0,33.0,1089.0,1.0,,4.0,17.0,1.0,1.0,0.0,1.0,0.046917908,4.0,4.0,1.1915566,4.0,4.0,0.75788444,2.0,3.0,3.0,3.0,-0.3730008,5.0,3.0,1.0,1.0,-0.7985709,3.0,4.0,4.0,0.75097877,0.0,2.0,4.0,0.0,-1.1224821,4.0,3.0,1.0,1.0687182,,,,,,,,,0.0,0.0,0.0,-0.88890743,
1.0,27.0,INSEREZ_SA_TRIBU,0.0,2007.0,220.6060606060606,9.090909090909092,3 4 6,4.0,5.0,2.0,2.0,1.0,1.0,3.0,3.0,2.0,2.0,2.0,2.0,2.0,2.0,2.0,4.0,4.0,2.0,4.0,1.0,1.0,0.0,3.0,9999,61.0,,,,,,1,0.0,27.0,729.0,0.0,11.0,4.0,20.0,1.0,1.0,1.0,1.0,1.0570327,3.0,3.0,-0.05997383,4.0,4.0,0.75788444,3.0,3.0,3.0,3.0,-0.3730008,3.0,3.0,1.0,2.0,-0.7282881,1.0,1.0,3.0,-1.5574862,0.0,1.0,4.0,1.0,-0.23304525,4.0,3.0,1.0,1.0687182,,,,,,,,,0.0,0.0,0.0,-0.88890743,
1.0,24.0,LULUWA,1.0,,117.57575757575758,12.121212121212121,0,3.0,6.0,3.0,4.0,4.0,4.0,3.0,3.0,2.0,3.0,2.0,2.0,2.0,2.0,2.0,1.0,1.0,1.0,1.0,1.0,1.0,0.5,1.0,7,62.0,,,,,,1,0.0,24.0,576.0,1.0,,3.0,15.0,1.0,1.0,0.0,1.0,0.046917908,2.0,1.0,-1.9387248,1.0,1.0,-2.9532156,0.0,3.0,3.0,3.0,-0.3730008,5.0,5.0,1.0,2.0,1.252069,4.0,4.0,4.0,1.1039371,0.0,3.0,7.0,0.5,0.9199937,4.0,3.0,1.0,1.0687182,,,,,,,,,1.0,0.0,1.0,1.3381968,
1.0,35.0,LUALUA,1.0,,90.9090909090909,18.181818181818183,1 3 4 5,4.0,3.0,3.0,3.0,2.0,2.0,1.0,3.0,1.0,2.0,2.0,1.0,1.0,2.0,2.0,3.0,2.0,1.0,4.0,1.0,1.0,0.5,3.0,9999,63.0,,,,,3.0,3,0.0,35.0,1225.0,0.0,,4.0,18.0,1.0,0.0,0.0,0.0,-2.559346,2.0,2.0,-1.3115042,3.0,3.0,-0.47914892,4.0,4.0,3.0,3.0,0.3644495,5.0,4.0,1.0,2.0,0.73442894,2.0,3.0,4.0,0.019770961,1.0,2.0,4.0,0.5,0.33836383,4.0,3.0,1.0,1.0687182,5.0,3.0,5.0,1.1911496,3.0,2.0,4.0,0.6790461,0.0,0.0,0.0,-0.88890743,0.43766922
1.0,28.0,BINDI,0.0,2010.0,29.09090909090909,18.181818181818183,0,4.0,5.0,2.0,2.0,3.0,3.0,1.0,2.0,2.0,3.0,2.0,2.0,3.0,3.0,3.0,2.0,2.0,3.0,4.0,3.0,3.0,0.8,3.0,9999,64.0,,,,,2.0,3,0.0,28.0,784.0,0.0,8.0,4.0,20.0,1.0,0.0,0.0,0.0,-2.559346,3.0,3.0,-0.05997383,2.0,2.0,-1.7161822,0.0,3.0,3.0,2.0,-0.9224039,4.0,3.0,2.0,2.0,0.4964428,3.0,3.0,2.0,-0.5628704,0.0,1.0,4.0,0.2,-1.2879623,2.0,1.0,0.0,-3.337553,3.0,4.0,2.0,-0.48523325,2.0,1.0,2.0,-0.97810256,0.0,0.0,0.0,-0.88890743,0.42123073
2.0,29.0,LUALUA,1.0,,30.303030303030305,18.181818181818183,0,4.0,3.0,1.0,1.0,1.0,1.0,1.0,3.0,1.0,3.0,3.0,2.0,3.0,1.0,3.0,3.0,2.0,1.0,4.0,1.0,1.0,0.5,3.0,9999,65.0,,,,,,1,1.0,29.0,841.0,0.0,,4.0,18.0,1.0,1.0,1.0,1.0,1.0570327,4.0,4.0,1.1915566,4.0,4.0,0.75788444,0.0,4.0,2.0,4.0,0.40292716,5.0,3.0,1.0,2.0,0.21678892,2.0,3.0,4.0,0.019770961,0.0,2.0,4.0,0.5,-0.46315894,4.0,3.0,,0.482099,,,,,,,,,0.0,0.0,0.0,-0.88890743,
1.0,46.0,LUALUA,0.0,2008.0,298.1818181818182,4.848484848484849,3,4.0,3.0,1.0,1.0,1.0,1.0,1.0,3.0,1.0,2.0,2.0,2.0,2.0,2.0,2.0,1.0,2.0,1.0,4.0,2.0,2.0,0.9,,2,66.0,,,,,,1,0.0,46.0,2116.0,0.0,10.0,4.0,18.0,1.0,1.0,0.0,1.0,0.046917908,4.0,4.0,1.1915566,4.0,4.0,0.75788444,1.0,4.0,3.0,3.0,0.3644495,5.0,5.0,1.0,1.0,0.23670913,4.0,3.0,4.0,0.7256879,0.0,3.0,4.0,0.1,-0.56140804,3.0,2.0,,-1.2321873,,,,,,,,,,0.0,0.0,-0.5204068,
1.0,28.0,LUALUA,0.0,2008.0,66.66666666666667,9.090909090909092,3 4,4.0,3.0,2.0,2.0,1.0,1.0,2.0,1.0,2.0,2.0,2.0,2.0,3.0,2.0,4.0,4.0,3.0,2.0,4.0,1.0,1.0,0.3,1.0,4,67.0,,,,,,1,0.0,28.0,784.0,0.0,10.0,4.0,18.0,1.0,1.0,0.0,1.0,0.046917908,3.0,3.0,-0.05997383,4.0,4.0,0.75788444,2.0,3.0,3.0,3.0,-0.3730008,3.0,3.0,3.0,2.0,0.77609664,1.0,2.0,3.0,-1.1792369,0.0,1.0,4.0,0.7,-0.62863916,4.0,3.0,1.0,1.0687182,,,,,,,,,1.0,1.0,0.0,1.3575524,
1.0,54.0,LUALUA,1.0,,121.21212121212122,30.303030303030305,1 3 4 6,4.0,3.0,1.0,1.0,1.0,1.0,1.0,2.0,2.0,4.0,2.0,2.0,2.0,2.0,2.0,3.0,3.0,3.0,4.0,2.0,1.0,0.7,1.0,2,69.0,,,,,3.0,3,0.0,54.0,2916.0,0.0,,4.0,18.0,1.0,1.0,1.0,1.0,1.0570327,4.0,4.0,1.1915566,4.0,4.0,0.75788444,4.0,3.0,3.0,3.0,-0.3730008,4.0,4.0,2.0,2.0,1.0140828,2.0,2.0,2.0,-1.2940782,0.0,1.0,4.0,0.3,-1.1560977,4.0,2.0,0.0,-0.8150761,4.0,3.0,3.0,-0.012489427,2.0,1.0,2.0,-0.97810256,1.0,0.0,0.0,0.14494167,0.8252612
1.0,37.0,LUALUA,0.0,1983.0,298.1818181818182,69.57575757575758,3 4,4.0,5.0,1.0,1.0,1.0,1.0,1.0,1.0,1.0,2.0,2.0,2.0,2.0,1.0,2.0,2.0,2.0,2.0,3.0,1.0,1.0,0.0,4.0,9999,70.0,,,,,,1,0.0,37.0,1369.0,0.0,35.0,4.0,20.0,1.0,1.0,0.0,1.0,0.046917908,4.0,4.0,1.1915566,4.0,4.0,0.75788444,2.0,4.0,3.0,4.0,0.9138526,4.0,4.0,3.0,2.0,1.7662753,3.0,3.0,3.0,-0.09507048,0.0,1.0,5.0,1.0,0.08493586,4.0,3.0,,0.482099,,,,,,,,,0.0,0.0,0.0,-0.88890743,
1.0,38.0,LUALUA,0.0,1985.0,96.96969696969697,23.03030303030303,3,4.0,4.0,3.0,3.0,2.0,2.0,1.0,3.0,1.0,1.0,2.0,2.0,2.0,2.0,2.0,2.0,2.0,1.0,4.0,1.0,1.0,0.4,2.0,other,71.0,,,,,3.0,3,0.0,38.0,1444.0,0.0,33.0,4.0,19.0,1.0,1.0,0.0,1.0,0.046917908,2.0,2.0,-1.3115042,3.0,3.0,-0.47914892,1.0,4.0,3.0,3.0,0.3644495,5.0,5.0,1.0,2.0,1.252069,3.0,3.0,4.0,0.37272942,0.0,1.0,4.0,0.6,-0.7605037,4.0,3.0,,0.482099,3.0,3.0,3.0,-0.50293213,1.0,1.0,1.0,-1.883528,1.0,0.0,0.0,0.14494167,1.1799262
1.0,37.0,LULUWA,0.0,1997.0,87.87878787878788,9.090909090909092,3,4.0,3.0,2.0,2.0,1.0,1.0,1.0,3.0,2.0,3.0,2.0,2.0,2.0,2.0,2.0,1.0,1.0,1.0,4.0,1.0,2.0,0.995,3.0,9999,72.0,,,,,3.0,3,0.0,37.0,1369.0,1.0,21.0,4.0,18.0,1.0,1.0,0.0,1.0,0.046917908,3.0,3.0,-0.05997383,4.0,4.0,0.75788444,1.0,3.0,3.0,3.0,-0.3730008,5.0,3.0,1.0,2.0,0.21678892,4.0,4.0,4.0,1.1039371,0.0,2.0,4.0,0.005,-1.1158888,3.0,3.0,,-0.32609147,5.0,3.0,3.0,0.47795328,1.0,3.0,1.0,-1.1648428,0.0,0.0,0.0,-0.88890743,1.4040155
1.0,26.0,LULUWA,1.0,,53.878787878787875,44.18181818181818,0,4.0,3.0,1.0,1.0,1.0,1.0,4.0,2.0,1.0,1.0,4.0,2.0,2.0,1.0,1.0,2.0,3.0,3.0,5.0,2.0,4.0,1.0,3.0,2,73.0,,,,,,1,0.0,26.0,676.0,1.0,,4.0,18.0,1.0,1.0,0.0,0.0,-1.0864509,4.0,4.0,1.1915566,4.0,4.0,0.75788444,0.0,4.0,1.0,4.0,-0.10799819,3.0,3.0,2.0,2.0,0.023904312,3.0,2.0,2.0,-0.94111973,0.0,1.0,3.0,0.0,-1.8696728,1.0,2.0,0.0,-3.2396476,,,,,,,,,0.0,0.0,0.0,-0.88890743,
1.0,28.0,LULUWA,0.0,2005.0,49.09090909090909,30.303030303030305,3 4 6,4.0,5.0,1.0,1.0,1.0,1.0,4.0,3.0,1.0,2.0,2.0,1.0,1.0,2.0,1.0,3.0,3.0,1.0,1.0,1.0,1.0,0.5,1.0,6,74.0,,,,,,1,0.0,28.0,784.0,1.0,13.0,4.0,20.0,1.0,1.0,0.0,1.0,0.046917908,4.0,4.0,1.1915566,4.0,4.0,0.75788444,3.0,4.0,3.0,3.0,0.3644495,3.0,3.0,1.0,2.0,-0.7282881,2.0,2.0,4.0,-0.3584784,0.0,1.0,7.0,0.5,0.061574828,4.0,3.0,1.0,1.0687182,,,,,,,,,1.0,0.0,0.0,0.14494167,
1.0,23.0,LUALUA,1.0,,30.303030303030305,9.090909090909092,3 6,3.0,4.0,3.0,3.0,2.0,2.0,1.0,3.0,1.0,2.0,4.0,2.0,2.0,2.0,1.0,3.0,1.0,1.0,4.0,1.0,1.0,0.6,4.0,other,75.0,,,,,,1,0.0,23.0,529.0,0.0,,3.0,13.0,1.0,1.0,1.0,1.0,1.0570327,2.0,2.0,-1.3115042,3.0,3.0,-0.47914892,2.0,4.0,1.0,3.0,-0.65740126,4.0,3.0,1.0,2.0,-0.25574958,2.0,4.0,4.0,0.39802027,1.0,1.0,4.0,0.4,-0.2227102,4.0,3.0,0.0,0.091019616,,,,,,,,,0.0,1.0,1.0,1.5169584,
1.0,27.0,LUALUA,0.0,2000.0,387.8787878787879,121.21212121212122,3 4,4.0,5.0,3.0,3.0,3.0,3.0,2.0,3.0,1.0,2.0,1.0,1.0,1.0,1.0,1.0,4.0,2.0,2.0,4.0,1.0,1.0,0.4,3.0,6,78.0,,,,,,1,0.0,27.0,729.0,0.0,18.0,4.0,20.0,1.0,1.0,0.0,0.0,-1.0864509,2.0,2.0,-1.3115042,2.0,2.0,-1.7161822,2.0,4.0,4.0,4.0,1.4247779,3.0,3.0,1.0,2.0,-0.7282881,1.0,3.0,3.0,-0.8009874,0.0,1.0,4.0,0.6,-0.7605037,4.0,3.0,,0.482099,,,,,,,,,0.0,0.0,0.0,-0.88890743,
1.0,24.0,LUALUA,0.0,2007.0,18.181818181818183,4.242424242424242,0,3.0,3.0,2.0,2.0,2.0,2.0,3.0,3.0,2.0,2.0,2.0,1.0,2.0,2.0,4.0,4.0,3.0,2.0,4.0,1.0,1.0,0.8,3.0,4,79.0,,,,,,1,0.0,24.0,576.0,0.0,11.0,3.0,12.0,1.0,1.0,0.0,1.0,0.046917908,3.0,3.0,-0.05997383,3.0,3.0,-0.47914892,0.0,3.0,3.0,3.0,-0.3730008,5.0,3.0,1.0,2.0,0.21678892,1.0,2.0,3.0,-1.1792369,1.0,2.0,4.0,0.2,-0.057230067,4.0,3.0,0.0,0.091019616,,,,,,,,,0.0,0.0,0.0,-0.88890743,
1.0,34.0,LUALUA,0.0,2000.0,181.8181818181818,26.060606060606062,1 3,4.0,4.0,2.0,2.0,1.0,2.0,3.0,1.0,1.0,1.0,3.0,2.0,2.0,2.0,1.0,1.0,1.0,1.0,3.0,1.0,1.0,0.5,4.0,6,80.0,,,,,,1,0.0,34.0,1156.0,0.0,18.0,4.0,19.0,1.0,1.0,1.0,1.0,1.0570327,3.0,3.0,-0.05997383,4.0,3.0,0.16854718,2.0,4.0,2.0,3.0,-0.1464759,3.0,3.0,3.0,2.0,0.77609664,4.0,4.0,4.0,1.1039371,0.0,1.0,5.0,0.5,-0.5743873,4.0,3.0,1.0,1.0687182,,,,,,,,,0.0,0.0,0.0,-0.88890743,
1.0,25.0,LUALUA,0.0,2002.0,30.303030303030305,6.0606060606060606,3,4.0,5.0,2.0,2.0,1.0,1.0,3.0,2.0,1.0,2.0,2.0,3.0,3.0,1.0,2.0,3.0,3.0,1.0,4.0,1.0,1.0,0.5,,9999,82.0,,,,,5.0,3,0.0,25.0,625.0,0.0,16.0,4.0,20.0,1.0,1.0,0.0,0.0,-1.0864509,3.0,3.0,-0.05997383,4.0,4.0,0.75788444,1.0,4.0,3.0,4.0,0.9138526,5.0,3.0,2.0,2.0,0.96898127,2.0,2.0,4.0,-0.3584784,0.0,2.0,4.0,0.5,-0.46315894,4.0,3.0,1.0,1.0687182,5.0,4.0,4.0,1.2088485,2.0,2.0,2.0,-0.6187599,,0.0,0.0,-0.5204068,1.5619653
1.0,23.0,LUALUA,0.0,2006.0,33.333333333333336,21.21212121212121,0,4.0,4.0,3.0,3.0,3.0,3.0,3.0,3.0,1.0,2.0,1.0,2.0,2.0,1.0,2.0,1.0,3.0,1.0,4.0,1.0,1.0,0.6,3.0,6,83.0,,,,,5.0,3,0.0,23.0,529.0,0.0,12.0,4.0,19.0,1.0,1.0,0.0,1.0,0.046917908,2.0,2.0,-1.3115042,2.0,2.0,-1.7161822,0.0,4.0,4.0,4.0,1.4247779,3.0,3.0,1.0,1.0,-1.7436479,4.0,2.0,4.0,0.34743857,0.0,1.0,4.0,0.4,-1.0242331,4.0,3.0,1.0,1.0687182,5.0,5.0,5.0,1.9397436,3.0,3.0,4.0,1.0383886,0.0,1.0,1.0,1.5169584,0.770343
2.0,24.0,LUALUA,1.0,,151.5151515151515,6.0606060606060606,1 3 4 5,4.0,5.0,2.0,2.0,1.0,1.0,3.0,3.0,2.0,4.0,1.0,1.0,2.0,2.0,2.0,4.0,4.0,4.0,6.0,2.0,2.0,0.5,2.0,other,84.0,,,,,,1,1.0,24.0,576.0,0.0,,4.0,20.0,1.0,1.0,0.0,1.0,0.046917908,3.0,3.0,-0.05997383,4.0,4.0,0.75788444,4.0,3.0,4.0,3.0,0.13792461,3.0,3.0,1.0,2.0,-0.7282881,1.0,1.0,1.0,-2.4930859,0.0,1.0,2.0,0.5,-1.5283306,3.0,2.0,0.0,-1.6232667,,,,,,,,,1.0,0.0,0.0,0.14494167,
2.0,24.0,LUALUA,1.0,,151.5151515151515,12.121212121212121,3 5,4.0,4.0,3.0,3.0,2.0,2.0,4.0,1.0,2.0,4.0,4.0,3.0,4.0,4.0,2.0,4.0,4.0,3.0,4.0,2.0,2.0,0.5,1.0,2,85.0,,,,,,1,1.0,24.0,576.0,0.0,,4.0,19.0,1.0,1.0,0.0,0.0,-1.0864509,2.0,2.0,-1.3115042,3.0,3.0,-0.47914892,2.0,3.0,1.0,1.0,-2.4936576,3.0,3.0,3.0,2.0,0.77609664,1.0,1.0,2.0,-2.0252862,0.0,1.0,4.0,0.5,-0.89236844,3.0,2.0,,-1.2321873,,,,,,,,,1.0,0.0,0.0,0.14494167,
2.0,20.0,LUALUA,1.0,,59.63636363636363,19.636363636363637,3 4,2.0,3.0,3.0,3.0,1.0,1.0,2.0,3.0,2.0,4.0,4.0,2.0,2.0,2.0,1.0,2.0,2.0,2.0,4.0,2.0,2.0,0.5,3.0,4,86.0,,,,,,1,1.0,20.0,400.0,0.0,,2.0,6.0,1.0,0.0,0.0,1.0,-1.4259772,2.0,2.0,-1.3115042,4.0,4.0,0.75788444,2.0,3.0,1.0,3.0,-1.3948514,3.0,3.0,1.0,2.0,-0.7282881,3.0,3.0,3.0,-0.09507048,0.0,1.0,4.0,0.5,-0.89236844,3.0,2.0,0.0,-1.6232667,,,,,,,,,0.0,1.0,1.0,1.5169584,
1.0,26.0,LUALUA,0.0,2000.0,90.9090909090909,24.242424242424242,1 3 4 5 6,4.0,5.0,1.0,1.0,1.0,1.0,4.0,3.0,2.0,2.0,2.0,2.0,2.0,2.0,2.0,4.0,4.0,2.0,4.0,2.0,1.0,0.7,4.0,6,87.0,,,,,,1,0.0,26.0,676.0,0.0,18.0,4.0,20.0,1.0,1.0,1.0,1.0,1.0570327,4.0,4.0,1.1915566,4.0,4.0,0.75788444,5.0,3.0,3.0,3.0,-0.3730008,5.0,3.0,1.0,2.0,0.21678892,1.0,1.0,3.0,-1.5574862,0.0,2.0,4.0,0.3,-0.7268882,4.0,2.0,1.0,0.16262238,,,,,,,,,0.0,0.0,1.0,0.30434754,
2.0,57.0,LUALUA,0.0,1965.0,90.9090909090909,60.60606060606061,1 3 4 5 6,2.0,2.0,1.0,1.0,3.0,3.0,3.0,3.0,2.0,3.0,4.0,2.0,2.0,2.0,2.0,4.0,4.0,1.0,4.0,1.0,1.0,0.6,1.0,4,88.0,,,,,,1,1.0,57.0,3249.0,0.0,53.0,2.0,5.0,1.0,0.0,1.0,0.0,-1.5492313,4.0,4.0,1.1915566,2.0,2.0,-1.7161822,5.0,3.0,1.0,3.0,-1.3948514,5.0,5.0,1.0,2.0,1.252069,1.0,1.0,4.0,-1.0896863,0.0,1.0,4.0,0.4,-1.0242331,4.0,3.0,0.0,0.091019616,,,,,,,,,1.0,1.0,1.0,2.5508075,
1.0,27.0,LUALUA,0.0,2001.0,99.39393939393939,30.303030303030305,3,4.0,4.0,2.0,1.0,1.0,1.0,3.0,3.0,1.0,1.0,1.0,1.0,1.0,1.0,1.0,2.0,2.0,1.0,3.0,1.0,1.0,0.5,3.0,2,89.0,,,,,,1,0.0,27.0,729.0,0.0,17.0,4.0,19.0,1.0,1.0,1.0,1.0,1.0570327,3.0,4.0,0.5672466,4.0,4.0,0.75788444,1.0,4.0,4.0,4.0,1.4247779,3.0,5.0,1.0,1.0,-0.7083679,3.0,3.0,4.0,0.37272942,1.0,2.0,5.0,0.5,0.65634495,4.0,3.0,1.0,1.0687182,,,,,,,,,0.0,0.0,0.0,-0.88890743,
1.0,23.0,LUALUA,1.0,,151.5151515151515,1.8181818181818181,0,2.0,2.0,2.0,2.0,2.0,2.0,3.0,3.0,2.0,2.0,2.0,2.0,2.0,2.0,3.0,2.0,1.0,1.0,4.0,3.0,2.0,0.4,2.0,9999,90.0,,,,,4.0,3,0.0,23.0,529.0,0.0,,2.0,5.0,1.0,0.0,1.0,0.0,-1.5492313,3.0,3.0,-0.05997383,3.0,3.0,-0.47914892,0.0,3.0,3.0,3.0,-0.3730008,5.0,5.0,1.0,2.0,1.252069,3.0,4.0,4.0,0.75097877,0.0,2.0,4.0,0.6,-0.33129427,3.0,1.0,0.0,-2.5293624,3.0,5.0,4.0,0.6022601,3.0,3.0,3.0,0.64600813,1.0,1.0,1.0,2.5508075,-0.037389245
1.0,26.0,BINDI,0.0,2008.0,181.8181818181818,19.393939393939394,1 3 4,4.0,5.0,2.0,2.0,2.0,2.0,4.0,3.0,2.0,2.0,1.0,2.0,2.0,1.0,2.0,1.0,1.0,1.0,4.0,1.0,1.0,0.2,2.0,6,91.0,,,,,2.0,3,0.0,26.0,676.0,0.0,10.0,4.0,20.0,1.0,0.0,0.0,1.0,-1.4259772,3.0,3.0,-0.05997383,3.0,3.0,-0.47914892,3.0,3.0,4.0,4.0,0.6873277,3.0,3.0,1.0,2.0,-0.7282881,4.0,4.0,4.0,1.1039371,0.0,2.0,4.0,0.8,-0.06756502,4.0,3.0,1.0,1.0687182,5.0,5.0,3.0,1.2265474,2.0,4.0,4.0,0.8846864,1.0,0.0,1.0,1.3381968,0.29217142
1.0,36.0,LUALUA,0.0,1995.0,341.8181818181818,133.33333333333334,3 4,4.0,5.0,3.0,3.0,2.0,2.0,1.0,3.0,1.0,4.0,2.0,1.0,3.0,1.0,1.0,2.0,2.0,1.0,5.0,3.0,1.0,0.8,2.0,other,92.0,,,,,,1,0.0,36.0,1296.0,0.0,23.0,4.0,20.0,1.0,1.0,0.0,0.0,-1.0864509,2.0,2.0,-1.3115042,3.0,3.0,-0.47914892,2.0,4.0,3.0,4.0,0.9138526,3.0,3.0,1.0,2.0,-0.7282881,3.0,3.0,4.0,0.37272942,0.0,2.0,3.0,0.2,-1.176734,4.0,1.0,,-1.3300925,,,,,,,,,1.0,0.0,0.0,0.14494167,
1.0,25.0,BINDI,0.0,2010.0,13.93939393939394,4.848484848484849,3,4.0,3.0,2.0,2.0,1.0,1.0,4.0,3.0,1.0,2.0,2.0,2.0,2.0,1.0,1.0,3.0,3.0,2.0,4.0,1.0,1.0,0.7,3.0,4,93.0,,,,,,1,0.0,25.0,625.0,0.0,8.0,4.0,18.0,1.0,1.0,0.0,1.0,0.046917908,3.0,3.0,-0.05997383,4.0,4.0,0.75788444,1.0,4.0,3.0,4.0,0.9138526,4.0,5.0,1.0,1.0,-0.23582935,2.0,2.0,3.0,-0.8262783,0.0,1.0,4.0,0.3,-1.1560977,4.0,3.0,,0.482099,,,,,,,,,0.0,0.0,0.0,-0.88890743,
1.0,50.0,BINDI,0.0,2011.0,151.5151515151515,27.272727272727273,3 4 5,3.0,4.0,1.0,1.0,1.0,1.0,3.0,3.0,1.0,1.0,1.0,1.0,1.0,1.0,1.0,1.0,1.0,1.0,3.0,1.0,1.0,0.0,3.0,9999,94.0,,,,,,1,0.0,50.0,2500.0,0.0,7.0,3.0,13.0,1.0,1.0,1.0,1.0,1.0570327,4.0,4.0,1.1915566,4.0,4.0,0.75788444,3.0,4.0,4.0,4.0,1.4247779,3.0,4.0,1.0,2.0,-0.21064807,4.0,4.0,4.0,1.1039371,0.0,4.0,5.0,1.0,1.3725641,4.0,3.0,,0.482099,,,,,,,,,0.0,0.0,0.0,-0.88890743,
2.0,24.0,KUBA,1.0,,24.242424242424242,3.0303030303030303,3 4 5,4.0,3.0,3.0,3.0,2.0,2.0,3.0,3.0,4.0,4.0,2.0,3.0,4.0,4.0,4.0,3.0,1.0,1.0,2.0,1.0,2.0,0.3,1.0,9999,95.0,,,,,,1,1.0,24.0,576.0,0.0,,4.0,18.0,1.0,1.0,0.0,1.0,0.046917908,2.0,2.0,-1.3115042,3.0,3.0,-0.47914892,3.0,1.0,3.0,1.0,-2.9467075,3.0,3.0,1.0,2.0,-0.7282881,2.0,4.0,4.0,0.39802027,0.0,1.0,6.0,0.7,0.007323018,3.0,3.0,0.0,-0.7171709,,,,,,,,,1.0,0.0,0.0,0.14494167,
1.0,37.0,BINDI,0.0,1987.0,54.54545454545455,12.727272727272727,1 4,3.0,4.0,2.0,2.0,1.0,1.0,3.0,3.0,2.0,2.0,3.0,2.0,2.0,2.0,1.0,2.0,2.0,1.0,4.0,1.0,1.0,0.7,4.0,9999,96.0,,,,,,1,0.0,37.0,1369.0,0.0,31.0,3.0,13.0,1.0,1.0,0.0,1.0,0.046917908,3.0,3.0,-0.05997383,4.0,4.0,0.75788444,2.0,3.0,2.0,3.0,-0.8839262,5.0,5.0,1.0,2.0,1.252069,3.0,3.0,4.0,0.37272942,0.0,2.0,4.0,0.3,-0.7268882,4.0,3.0,1.0,1.0687182,,,,,,,,,0.0,0.0,1.0,0.30434754,
2.0,22.0,BINDI,0.0,2012.0,39.39393939393939,12.727272727272727,2 3 4,4.0,2.0,3.0,3.0,2.0,3.0,1.0,2.0,2.0,4.0,4.0,2.0,2.0,4.0,4.0,4.0,4.0,2.0,4.0,2.0,2.0,0.2,4.0,3,97.0,,,,,,1,1.0,22.0,484.0,0.0,6.0,4.0,17.0,1.0,0.0,1.0,0.0,-1.5492313,2.0,2.0,-1.3115042,3.0,2.0,-1.0684861,3.0,3.0,1.0,1.0,-2.4936576,5.0,5.0,2.0,2.0,2.0042615,1.0,1.0,3.0,-1.5574862,0.0,1.0,4.0,0.8,-0.4967745,3.0,2.0,0.0,-1.6232667,,,,,,,,,0.0,0.0,0.0,-0.88890743,
2.0,20.0,LUNTU,0.0,2005.0,90.9090909090909,21.21212121212121,3 4 6,4.0,3.0,1.0,1.0,1.0,1.0,2.0,3.0,2.0,4.0,2.0,2.0,4.0,1.0,4.0,1.0,1.0,1.0,4.0,1.0,1.0,0.1,3.0,9999,98.0,,,,,,1,1.0,20.0,400.0,0.0,13.0,4.0,18.0,1.0,1.0,1.0,1.0,1.0570327,4.0,4.0,1.1915566,4.0,4.0,0.75788444,3.0,3.0,3.0,4.0,0.17640227,3.0,4.0,1.0,1.0,-1.2260079,4.0,4.0,4.0,1.1039371,0.0,2.0,4.0,0.9,0.06429958,4.0,3.0,,0.482099,,,,,,,,,0.0,0.0,0.0,-0.88890743,
1.0,34.0,BINDI,0.0,2018.0,193.93939393939394,19.393939393939394,0,4.0,5.0,3.0,3.0,1.0,1.0,1.0,3.0,2.0,2.0,1.0,2.0,2.0,1.0,2.0,2.0,2.0,1.0,4.0,1.0,1.0,0.5,,9999,99.0,,,,,3.0,3,0.0,34.0,1156.0,0.0,0.0,4.0,20.0,1.0,1.0,0.0,1.0,0.046917908,2.0,2.0,-1.3115042,4.0,4.0,0.75788444,0.0,3.0,4.0,4.0,0.6873277,5.0,3.0,1.0,2.0,0.21678892,3.0,3.0,4.0,0.37272942,0.0,2.0,4.0,0.5,-0.46315894,4.0,3.0,,0.482099,3.0,4.0,2.0,-0.48523325,3.0,1.0,1.0,-0.8574383,,0.0,0.0,-0.5204068,0.31810504
1.0,26.0,LUBA,1.0,,392.72727272727275,29.454545454545453,1 3 4,4.0,3.0,3.0,3.0,2.0,2.0,4.0,3.0,2.0,2.0,2.0,2.0,2.0,2.0,2.0,3.0,2.0,2.0,4.0,2.0,2.0,0.5,1.0,9999,100.0,,,,,,1,0.0,26.0,676.0,0.0,,4.0,18.0,1.0,1.0,1.0,1.0,1.0570327,2.0,2.0,-1.3115042,3.0,3.0,-0.47914892,3.0,3.0,3.0,3.0,-0.3730008,5.0,3.0,1.0,2.0,0.21678892,2.0,3.0,3.0,-0.44802895,0.0,3.0,4.0,0.5,-0.033949513,3.0,2.0,0.0,-1.6232667,,,,,,,,,1.0,0.0,0.0,0.14494167,
1.0,22.0,LUALUA,1.0,,12.121212121212121,3.0303030303030303,3,2.0,3.0,3.0,3.0,3.0,3.0,3.0,3.0,2.0,3.0,3.0,3.0,3.0,2.0,1.0,1.0,1.0,1.0,4.0,1.0,1.0,0.0,4.0,9999,101.0,,,,,,1,0.0,22.0,484.0,0.0,,2.0,6.0,1.0,1.0,0.0,0.0,-1.0864509,2.0,2.0,-1.3115042,2.0,2.0,-1.7161822,1.0,3.0,2.0,3.0,-0.8839262,3.0,3.0,1.0,2.0,-0.7282881,4.0,4.0,4.0,1.1039371,0.0,2.0,4.0,1.0,0.19616424,4.0,3.0,0.0,0.091019616,,,,,,,,,0.0,0.0,0.0,-0.88890743,
1.0,32.0,BINDI,1.0,,226.66666666666666,82.72727272727273,3 6,3.0,4.0,2.0,2.0,2.0,2.0,1.0,3.0,2.0,2.0,2.0,2.0,2.0,2.0,1.0,1.0,1.0,1.0,1.0,1.0,1.0,0.2,3.0,9999,102.0,,,,,,1,0.0,32.0,1024.0,0.0,,3.0,13.0,1.0,1.0,0.0,1.0,0.046917908,3.0,3.0,-0.05997383,3.0,3.0,-0.47914892,2.0,3.0,3.0,3.0,-0.3730008,5.0,5.0,1.0,1.0,0.23670913,4.0,4.0,4.0,1.1039371,0.0,,7.0,0.8,0.7997109,4.0,3.0,,0.482099,,,,,,,,,0.0,0.0,0.0,-0.88890743,
1.0,31.0,BINDI,0.0,2009.0,24.242424242424242,3.0303030303030303,1 3 4 5,4.0,5.0,3.0,3.0,2.0,2.0,1.0,2.0,2.0,4.0,2.0,2.0,2.0,2.0,3.0,1.0,1.0,1.0,1.0,1.0,1.0,0.1,2.0,6,103.0,,,,,,1,0.0,31.0,961.0,0.0,9.0,4.0,20.0,1.0,0.0,0.0,0.0,-2.559346,2.0,2.0,-1.3115042,3.0,3.0,-0.47914892,4.0,3.0,3.0,3.0,-0.3730008,4.0,3.0,2.0,1.0,-0.518917,4.0,4.0,4.0,1.1039371,1.0,3.0,7.0,0.9,2.248975,4.0,3.0,,0.482099,,,,,,,,,1.0,0.0,0.0,0.14494167,
1.0,22.0,LULUWA,1.0,,242.42424242424244,42.42424242424242,1 3 4 5 6,4.0,5.0,2.0,2.0,1.0,1.0,3.0,3.0,1.0,1.0,1.0,1.0,1.0,1.0,2.0,1.0,1.0,1.0,3.0,1.0,1.0,0.3,1.0,4,105.0,,,,,,1,0.0,22.0,484.0,1.0,,4.0,20.0,1.0,1.0,0.0,1.0,0.046917908,3.0,3.0,-0.05997383,4.0,4.0,0.75788444,5.0,4.0,4.0,4.0,1.4247779,4.0,5.0,1.0,1.0,-0.23582935,4.0,4.0,4.0,1.1039371,1.0,1.0,5.0,0.7,0.49086478,4.0,3.0,1.0,1.0687182,,,,,,,,,1.0,0.0,0.0,0.14494167,
1.0,32.0,LULUWA,1.0,,1272.7272727272727,29.696969696969695,0,4.0,2.0,1.0,1.0,1.0,1.0,3.0,3.0,1.0,2.0,1.0,1.0,1.0,1.0,1.0,4.0,4.0,1.0,6.0,1.0,1.0,0.3,1.0,2,106.0,,,,,,1,0.0,32.0,1024.0,1.0,,4.0,17.0,1.0,1.0,0.0,1.0,0.046917908,4.0,4.0,1.1915566,4.0,4.0,0.75788444,0.0,4.0,4.0,4.0,1.4247779,3.0,3.0,1.0,2.0,-0.7282881,1.0,1.0,4.0,-1.0896863,0.0,3.0,2.0,0.7,-0.4061824,4.0,3.0,1.0,1.0687182,,,,,,,,,1.0,0.0,1.0,1.3381968,
1.0,,.,,,,,.,,,,,,,4.0,3.0,3.0,3.0,3.0,1.0,2.0,2.0,3.0,1.0,2.0,3.0,1.0,2.0,1.0,0.0,,,107.0,,,,,1.0,3,0.0,,,0.0,,,,,,,,,,,,,,,,2.0,2.0,3.0,-1.6213766,3.0,3.0,1.0,2.0,-0.7282881,4.0,3.0,2.0,-0.20991187,1.0,4.0,7.0,1.0,2.810049,4.0,2.0,,-0.42399675,4.0,5.0,4.0,1.0927029,3.0,5.0,3.0,1.3646933,,,,,-0.2324566
1.0,27.0,LULUWA,1.0,,121.21212121212122,12.121212121212121,3 4 5,4.0,5.0,2.0,2.0,1.0,1.0,3.0,3.0,2.0,2.0,2.0,3.0,3.0,1.0,3.0,,1.0,1.0,4.0,1.0,1.0,0.3,1.0,6,108.0,,,,,,1,0.0,27.0,729.0,1.0,,4.0,20.0,1.0,1.0,0.0,0.0,-1.0864509,3.0,3.0,-0.05997383,4.0,4.0,0.75788444,3.0,3.0,3.0,4.0,0.17640227,5.0,3.0,1.0,1.0,-0.7985709,,4.0,4.0,0.68310213,1.0,3.0,4.0,0.7,1.0313026,4.0,3.0,0.0,0.091019616,,,,,,,,,1.0,0.0,1.0,1.3381968,
1.0,31.0,LULUWA,0.0,2006.0,60.60606060606061,6.0606060606060606,3,3.0,6.0,3.0,2.0,2.0,2.0,4.0,3.0,2.0,1.0,2.0,1.0,1.0,1.0,1.0,1.0,2.0,2.0,4.0,1.0,1.0,0.5,1.0,1,109.0,,,,,4.0,3,0.0,31.0,961.0,1.0,12.0,3.0,15.0,1.0,1.0,0.0,1.0,0.046917908,2.0,3.0,-0.6842838,3.0,3.0,-0.47914892,1.0,3.0,3.0,4.0,0.17640227,5.0,5.0,1.0,2.0,1.252069,4.0,3.0,3.0,0.25788802,0.0,2.0,4.0,0.5,-0.46315894,4.0,3.0,0.0,0.091019616,4.0,5.0,3.0,0.73610467,3.0,4.0,3.0,1.0053507,1.0,0.0,0.0,0.14494167,-0.2301111
1.0,24.0,BINDI,1.0,,303.030303030303,9.090909090909092,3,4.0,5.0,1.0,2.0,2.0,2.0,1.0,2.0,2.0,3.0,3.0,2.0,3.0,1.0,3.0,2.0,2.0,3.0,4.0,1.0,1.0,0.4,4.0,6,110.0,,,,,,1,0.0,24.0,576.0,0.0,,4.0,20.0,1.0,0.0,0.0,1.0,-1.4259772,4.0,3.0,0.56433606,3.0,3.0,-0.47914892,1.0,3.0,2.0,4.0,-0.33452314,5.0,3.0,2.0,2.0,0.96898127,3.0,3.0,2.0,-0.5628704,0.0,2.0,4.0,0.6,-0.33129427,4.0,3.0,1.0,1.0687182,,,,,,,,,0.0,0.0,0.0,-0.88890743,
1.0,31.0,LULUWA,0.0,2000.0,81.81818181818181,19.09090909090909,3 6,3.0,6.0,1.0,1.0,1.0,1.0,1.0,3.0,2.0,3.0,2.0,3.0,2.0,4.0,3.0,4.0,2.0,1.0,4.0,1.0,1.0,0.5,1.0,4,111.0,,,,,5.0,3,0.0,31.0,961.0,1.0,18.0,3.0,15.0,1.0,1.0,1.0,1.0,1.0570327,4.0,4.0,1.1915566,4.0,4.0,0.75788444,2.0,3.0,3.0,1.0,-1.471807,5.0,3.0,1.0,2.0,0.21678892,1.0,3.0,4.0,-0.33318752,0.0,2.0,4.0,0.5,-0.46315894,4.0,3.0,0.0,0.091019616,4.0,3.0,3.0,-0.012489427,3.0,2.0,5.0,1.0714266,1.0,0.0,0.0,0.14494167,-0.9263688
1.0,31.0,LULUWA,1.0,,27.272727272727273,6.0606060606060606,3,4.0,5.0,2.0,2.0,1.0,1.0,3.0,3.0,2.0,2.0,2.0,2.0,2.0,2.0,2.0,2.0,1.0,4.0,4.0,1.0,2.0,1.0,1.0,6,113.0,,,,,,1,0.0,31.0,961.0,1.0,,4.0,20.0,1.0,1.0,0.0,1.0,0.046917908,3.0,3.0,-0.05997383,4.0,4.0,0.75788444,1.0,3.0,3.0,3.0,-0.3730008,5.0,3.0,1.0,1.0,-0.7985709,3.0,4.0,1.0,-0.65242094,0.0,1.0,4.0,0.0,-1.5516915,3.0,3.0,1.0,0.26052764,,,,,,,,,1.0,0.0,0.0,0.14494167,
,,,,,,,,,,,,,,,,,,,,,,,,,,,,,,,,77.0,,,,,1.0,2,,,,0.0,,,,,,,,,,,,,,,0.0,,,,,,,,,,,,,,,,,,,,,,,3.0,3.0,3.0,-0.50293213,3.0,1.0,3.0,-0.072677106,,,,,-0.36771742
