a7,treatment,month,chef_code,agent1_code,agent2_code,agent_code,chef_group,order_for_assigning
320.0,0.0,1.0,,,,,,1.0
101.0,0.0,2.0,,,,,,1.0
587.0,0.0,3.0,,,,,,1.0
676.0,0.0,4.0,,,,,,1.0
589.0,0.0,5.0,,,,,,1.0
349.0,1.0,1.0,,46.0,9.0,,,5.0
302.0,1.0,1.0,,46.0,9.0,,,5.0
209.0,1.0,1.0,,75.0,8.0,,,1.0
686.0,1.0,1.0,,75.0,8.0,,,1.0
629.0,1.0,1.0,,74.0,62.0,,,2.0
313.0,1.0,1.0,,74.0,62.0,,,2.0
561.0,1.0,1.0,,89.0,16.0,,,10.0
231.0,1.0,1.0,,89.0,16.0,,,10.0
504.0,1.0,1.0,,19.0,18.0,,,8.0
636.0,1.0,1.0,,19.0,18.0,,,8.0
517.0,1.0,1.0,,17.0,71.0,,,15.0
564.0,1.0,1.0,,17.0,71.0,,,15.0
545.0,1.0,1.0,,10.0,32.0,,,14.0
624.0,1.0,1.0,,10.0,32.0,,,14.0
241.0,1.0,1.0,,88.0,100.0,,,6.0
108.0,1.0,1.0,,88.0,100.0,,,6.0
552.0,1.0,1.0,,54.0,14.0,,,13.0
347.0,1.0,1.0,,54.0,14.0,,,13.0
599.0,1.0,1.0,,109.0,26.0,,,11.0
656.0,1.0,1.0,,109.0,26.0,,,11.0
300.0,1.0,1.0,,67.0,55.0,,,9.0
637.0,1.0,1.0,,67.0,55.0,,,9.0
693.0,1.0,1.0,,80.0,38.0,,,12.0
113.0,1.0,1.0,,80.0,38.0,,,12.0
688.0,1.0,1.0,,108.0,1.0,,,3.0
321.0,1.0,1.0,,108.0,1.0,,,3.0
308.0,1.0,1.0,,25.0,40.0,,,4.0
681.0,1.0,1.0,,25.0,40.0,,,4.0
368.0,1.0,1.0,,22.0,30.0,,,7.0
584.0,1.0,1.0,,22.0,30.0,,,7.0
233.0,1.0,3.0,,40.0,108.0,,,12.0
576.0,1.0,3.0,,40.0,108.0,,,12.0
216.0,1.0,3.0,,80.0,54.0,,,13.0
521.0,1.0,3.0,,80.0,54.0,,,13.0
221.0,1.0,3.0,,62.0,89.0,,,4.0
348.0,1.0,3.0,,55.0,22.0,,,5.0
236.0,1.0,3.0,,109.0,32.0,,,9.0
106.0,1.0,3.0,,109.0,32.0,,,9.0
611.0,1.0,3.0,,67.0,71.0,,,3.0
657.0,1.0,3.0,,67.0,71.0,,,3.0
573.0,1.0,3.0,,75.0,100.0,,,7.0
304.0,1.0,3.0,,75.0,100.0,,,7.0
542.0,1.0,3.0,,16.0,38.0,,,8.0
518.0,1.0,3.0,,16.0,38.0,,,8.0
206.0,1.0,3.0,,17.0,30.0,,,11.0
116.0,1.0,3.0,,17.0,30.0,,,11.0
245.0,1.0,3.0,,18.0,8.0,,,14.0
571.0,1.0,3.0,,18.0,8.0,,,14.0
689.0,1.0,3.0,,55.0,22.0,,,5.0
353.0,1.0,3.0,,62.0,89.0,,,4.0
117.0,1.0,3.0,,74.0,19.0,,,1.0
6093.0,1.0,3.0,,74.0,19.0,,,1.0
338.0,1.0,3.0,,14.0,1.0,,,15.0
646.0,1.0,3.0,,14.0,1.0,,,15.0
337.0,1.0,3.0,,25.0,88.0,,,10.0
360.0,1.0,3.0,,25.0,88.0,,,10.0
527.0,1.0,3.0,,26.0,10.0,,,2.0
562.0,1.0,3.0,,26.0,10.0,,,2.0
558.0,1.0,3.0,,9.0,46.0,,,6.0
366.0,1.0,3.0,,9.0,46.0,,,6.0
672.0,1.0,5.0,,22.0,19.0,,,1.0
594.0,1.0,5.0,,22.0,19.0,,,1.0
109.0,1.0,5.0,,8.0,25.0,,,10.0
546.0,1.0,5.0,,8.0,25.0,,,10.0
345.0,1.0,5.0,,26.0,67.0,,,2.0
325.0,1.0,5.0,,26.0,67.0,,,2.0
211.0,1.0,5.0,,30.0,74.0,,,7.0
641.0,1.0,5.0,,30.0,74.0,,,7.0
625.0,1.0,5.0,,17.0,1.0,,,6.0
592.0,1.0,5.0,,17.0,1.0,,,6.0
309.0,1.0,5.0,,14.0,80.0,,,8.0
685.0,1.0,5.0,,14.0,80.0,,,8.0
578.0,1.0,5.0,,32.0,40.0,,,11.0
662.0,1.0,5.0,,32.0,40.0,,,11.0
541.0,1.0,5.0,,10.0,54.0,,,13.0
569.0,1.0,5.0,,10.0,54.0,,,13.0
660.0,1.0,5.0,,55.0,88.0,,,14.0
329.0,1.0,5.0,,55.0,88.0,,,14.0
376.0,1.0,5.0,,109.0,71.0,,,9.0
352.0,1.0,5.0,,109.0,71.0,,,9.0
503.0,1.0,5.0,,62.0,16.0,,,3.0
508.0,1.0,5.0,,62.0,16.0,,,3.0
679.0,1.0,5.0,,46.0,108.0,,,5.0
604.0,1.0,5.0,,46.0,108.0,,,5.0
537.0,1.0,5.0,,75.0,9.0,,,15.0
628.0,1.0,5.0,,75.0,9.0,,,15.0
650.0,1.0,5.0,,100.0,89.0,,,12.0
357.0,1.0,5.0,,100.0,89.0,,,12.0
590.0,1.0,5.0,,18.0,38.0,,,4.0
702.0,1.0,5.0,,18.0,38.0,,,4.0
205.0,1.0,6.0,,17.0,30.0,,,4.0
528.0,1.0,6.0,,17.0,30.0,,,4.0
346.0,1.0,6.0,,108.0,67.0,,,5.0
620.0,1.0,6.0,,108.0,67.0,,,5.0
225.0,1.0,6.0,,89.0,22.0,,,3.0
556.0,1.0,6.0,,89.0,22.0,,,3.0
114.0,1.0,6.0,,40.0,54.0,,,2.0
572.0,1.0,6.0,,40.0,54.0,,,2.0
617.0,1.0,6.0,,18.0,75.0,,,1.0
606.0,1.0,6.0,,18.0,75.0,,,1.0
535.0,1.0,7.0,,17.0,32.0,,,7.0
596.0,1.0,7.0,,40.0,25.0,,,2.0
544.0,1.0,7.0,,74.0,108.0,,,3.0
356.0,1.0,7.0,,80.0,54.0,,,8.0
238.0,1.0,7.0,,16.0,67.0,,,9.0
533.0,1.0,7.0,,75.0,19.0,,,1.0
678.0,1.0,7.0,,18.0,14.0,,,6.0
343.0,1.0,7.0,,109.0,8.0,,,4.0
224.0,1.0,7.0,,100.0,71.0,,,5.0
595.0,1.0,7.0,,26.0,46.0,,,10.0
691.0,2.0,1.0,6915.0,,,,1.0,1.0
563.0,2.0,1.0,56385.0,,,,2.0,9.0
553.0,2.0,1.0,55544.0,,,,1.0,13.0
240.0,2.0,1.0,24085.0,,,,2.0,2.0
232.0,2.0,1.0,22950.0,,,,1.0,11.0
670.0,2.0,1.0,670101.0,,,,1.0,8.0
333.0,2.0,1.0,33732.0,,,,1.0,7.0
314.0,2.0,1.0,31489.0,,,,2.0,6.0
6101.0,2.0,1.0,6101077.0,,,,2.0,5.0
382.0,2.0,1.0,382117.0,,,,1.0,14.0
560.0,2.0,1.0,55544.0,,,,1.0,13.0
692.0,2.0,1.0,69282.0,,,,1.0,12.0
687.0,2.0,1.0,6915.0,,,,1.0,1.0
534.0,2.0,1.0,5333.0,,,,2.0,4.0
622.0,2.0,1.0,62295.0,,,,1.0,10.0
317.0,2.0,1.0,31489.0,,,,2.0,6.0
575.0,2.0,1.0,57688.0,,,,2.0,3.0
335.0,2.0,1.0,33732.0,,,,1.0,7.0
530.0,2.0,1.0,5333.0,,,,2.0,4.0
574.0,2.0,1.0,57688.0,,,,2.0,3.0
334.0,2.0,2.0,33732.0,,,,1.0,1.0
506.0,2.0,2.0,50649.0,,,,2.0,6.0
696.0,2.0,2.0,69647.0,,,,2.0,17.0
522.0,2.0,2.0,5226.0,,,,2.0,9.0
583.0,2.0,2.0,58210.0,,,,2.0,14.0
364.0,2.0,2.0,36589.0,,,,2.0,13.0
212.0,2.0,2.0,21256.0,,,,1.0,5.0
588.0,2.0,2.0,58671.0,,,,1.0,8.0
586.0,2.0,2.0,58671.0,,,,1.0,8.0
126.0,2.0,2.0,21647.0,,,,1.0,11.0
307.0,2.0,2.0,31489.0,,,,2.0,15.0
228.0,2.0,2.0,22952.0,,,,2.0,3.0
580.0,2.0,2.0,58210.0,,,,2.0,14.0
226.0,2.0,2.0,22510.0,,,,1.0,12.0
119.0,2.0,2.0,1193.0,,,,1.0,10.0
316.0,2.0,2.0,3196.0,,,,2.0,4.0
324.0,2.0,2.0,32276.0,,,,1.0,16.0
359.0,2.0,2.0,3599.0,,,,1.0,7.0
306.0,2.0,2.0,31489.0,,,,2.0,15.0
526.0,2.0,2.0,5333.0,,,,2.0,2.0
648.0,2.0,3.0,64491.0,,,,2.0,9.0
567.0,2.0,3.0,5854.0,,,,1.0,2.0
613.0,2.0,3.0,61189.0,,,,1.0,14.0
612.0,2.0,3.0,61293.0,,,,1.0,5.0
601.0,2.0,3.0,60183.0,,,,1.0,12.0
107.0,2.0,3.0,10746.0,,,,1.0,11.0
559.0,2.0,3.0,55885.0,,,,1.0,8.0
600.0,2.0,3.0,60183.0,,,,1.0,12.0
661.0,2.0,3.0,66187.0,,,,1.0,4.0
540.0,2.0,3.0,53859.0,,,,2.0,7.0
538.0,2.0,3.0,53859.0,,,,2.0,7.0
618.0,2.0,3.0,60383.0,,,,2.0,6.0
375.0,2.0,3.0,3762.0,,,,1.0,13.0
104.0,2.0,3.0,10248.0,,,,2.0,10.0
585.0,2.0,3.0,5854.0,,,,1.0,2.0
658.0,2.0,3.0,65792.0,,,,1.0,1.0
6091.0,2.0,3.0,61189.0,,,,1.0,14.0
615.0,2.0,3.0,60383.0,,,,2.0,6.0
645.0,2.0,3.0,64491.0,,,,2.0,9.0
593.0,2.0,3.0,60184.0,,,,2.0,3.0
602.0,2.0,4.0,60383.0,,,,2.0,5.0
124.0,2.0,4.0,11789.0,,,,2.0,15.0
547.0,2.0,4.0,54744.0,,,,1.0,4.0
331.0,2.0,4.0,33089.0,,,,2.0,1.0
655.0,2.0,4.0,65550.0,,,,2.0,2.0
682.0,2.0,4.0,6775.0,,,,1.0,3.0
680.0,2.0,4.0,68086.0,,,,1.0,12.0
616.0,2.0,4.0,60383.0,,,,2.0,5.0
386.0,2.0,4.0,38686.0,,,,1.0,11.0
677.0,2.0,4.0,6775.0,,,,1.0,3.0
664.0,2.0,4.0,66982.0,,,,2.0,13.0
634.0,2.0,4.0,63445.0,,,,1.0,14.0
501.0,2.0,4.0,50185.0,,,,2.0,9.0
242.0,2.0,4.0,24248.0,,,,1.0,16.0
644.0,2.0,4.0,64491.0,,,,2.0,10.0
695.0,2.0,4.0,69583.0,,,,1.0,8.0
551.0,2.0,4.0,55048.0,,,,2.0,6.0
703.0,2.0,4.0,70485.0,,,,2.0,7.0
653.0,2.0,5.0,6543.0,,,,2.0,14.0
509.0,2.0,5.0,50894.0,,,,2.0,5.0
303.0,2.0,5.0,30490.0,,,,1.0,12.0
365.0,2.0,5.0,36586.0,,,,1.0,1.0
327.0,2.0,5.0,3277.0,,,,1.0,4.0
213.0,2.0,5.0,21985.0,,,,2.0,8.0
566.0,2.0,5.0,56644.0,,,,1.0,11.0
513.0,2.0,5.0,51289.0,,,,1.0,9.0
326.0,2.0,5.0,32686.0,,,,1.0,7.0
621.0,2.0,5.0,62187.0,,,,2.0,3.0
111.0,2.0,5.0,11146.0,,,,1.0,6.0
120.0,2.0,5.0,12110.0,,,,2.0,10.0
121.0,2.0,5.0,12110.0,,,,2.0,10.0
539.0,2.0,5.0,53987.0,,,,1.0,13.0
358.0,2.0,5.0,35797.0,,,,2.0,2.0
500.0,2.0,6.0,30546.0,,,,2.0,14.0
354.0,2.0,6.0,35410.0,,,,1.0,12.0
514.0,2.0,6.0,5146.0,,,,1.0,6.0
361.0,2.0,6.0,37745.0,,,,2.0,9.0
380.0,2.0,6.0,37988.0,,,,2.0,3.0
234.0,2.0,6.0,23449.0,,,,2.0,10.0
214.0,2.0,6.0,21432.0,,,,2.0,11.0
351.0,2.0,6.0,3518.0,,,,1.0,1.0
310.0,2.0,6.0,31085.0,,,,1.0,7.0
339.0,2.0,6.0,33983.0,,,,1.0,5.0
370.0,2.0,6.0,37051.0,,,,1.0,13.0
515.0,2.0,6.0,51611.0,,,,2.0,4.0
674.0,2.0,6.0,67483.0,,,,1.0,2.0
663.0,2.0,6.0,66311.0,,,,2.0,8.0
118.0,2.0,7.0,11887.0,,,,,1.0
675.0,2.0,7.0,6732.0,,,,,2.0
215.0,2.0,7.0,21589.0,,,,,3.0
363.0,3.0,2.0,36589.0,17.0,16.0,,,4.0
336.0,3.0,2.0,3196.0,17.0,16.0,,,4.0
643.0,3.0,2.0,6448.0,55.0,89.0,,,9.0
100.0,3.0,2.0,1001.0,55.0,89.0,,,9.0
511.0,3.0,2.0,51194.0,8.0,38.0,,,2.0
631.0,3.0,2.0,628124.0,8.0,38.0,,,2.0
607.0,3.0,2.0,61349.0,19.0,54.0,,,15.0
502.0,3.0,2.0,30546.0,19.0,54.0,,,15.0
683.0,3.0,2.0,68385.0,46.0,9.0,,,10.0
223.0,3.0,2.0,22387.0,46.0,9.0,,,10.0
125.0,3.0,2.0,1166.0,26.0,108.0,,,3.0
549.0,3.0,2.0,55048.0,26.0,108.0,,,3.0
605.0,3.0,2.0,60591.0,32.0,40.0,,,13.0
523.0,3.0,2.0,52340.0,32.0,40.0,,,13.0
372.0,3.0,2.0,37232.0,67.0,88.0,,,5.0
373.0,3.0,2.0,3714.0,67.0,88.0,,,5.0
550.0,3.0,2.0,55048.0,100.0,109.0,,,1.0
516.0,3.0,2.0,51611.0,100.0,109.0,,,1.0
239.0,3.0,2.0,23845.0,30.0,71.0,,,6.0
115.0,3.0,2.0,11594.0,30.0,71.0,,,6.0
328.0,3.0,2.0,32889.0,14.0,80.0,,,11.0
350.0,3.0,2.0,35087.0,14.0,80.0,,,11.0
529.0,3.0,2.0,5333.0,18.0,75.0,,,12.0
671.0,3.0,2.0,670103.0,18.0,75.0,,,12.0
579.0,3.0,2.0,58210.0,74.0,62.0,,,14.0
355.0,3.0,2.0,3552.0,74.0,62.0,,,14.0
555.0,3.0,2.0,55544.0,25.0,22.0,,,7.0
548.0,3.0,2.0,54744.0,25.0,22.0,,,7.0
531.0,3.0,2.0,5333.0,1.0,10.0,,,8.0
597.0,3.0,2.0,60184.0,1.0,10.0,,,8.0
6102.0,3.0,4.0,6101077.0,26.0,100.0,,,10.0
704.0,3.0,4.0,70485.0,26.0,100.0,,,10.0
244.0,3.0,4.0,24437.0,16.0,9.0,,,12.0
332.0,3.0,4.0,33295.0,16.0,9.0,,,12.0
235.0,3.0,4.0,23584.0,38.0,80.0,,,9.0
614.0,3.0,4.0,61349.0,38.0,80.0,,,9.0
312.0,3.0,4.0,31249.0,88.0,14.0,,,8.0
305.0,3.0,4.0,31489.0,88.0,14.0,,,8.0
243.0,3.0,4.0,24385.0,54.0,19.0,,,11.0
581.0,3.0,4.0,58210.0,54.0,19.0,,,11.0
105.0,3.0,4.0,10546.0,71.0,67.0,,,15.0
237.0,3.0,4.0,23845.0,71.0,67.0,,,15.0
110.0,3.0,4.0,1136.0,74.0,1.0,,,4.0
122.0,3.0,4.0,12395.0,74.0,1.0,,,4.0
633.0,3.0,4.0,6335.0,55.0,22.0,,,6.0
582.0,3.0,4.0,58210.0,55.0,22.0,,,6.0
230.0,3.0,4.0,22950.0,89.0,62.0,,,3.0
387.0,3.0,4.0,38787.0,89.0,62.0,,,3.0
384.0,3.0,4.0,38788.0,75.0,109.0,,,7.0
524.0,3.0,4.0,5333.0,75.0,109.0,,,7.0
371.0,3.0,4.0,37232.0,18.0,30.0,,,5.0
651.0,3.0,4.0,6543.0,108.0,17.0,,,1.0
525.0,3.0,4.0,5333.0,40.0,32.0,,,14.0
630.0,3.0,4.0,6302.0,40.0,32.0,,,14.0
246.0,3.0,4.0,24644.0,108.0,17.0,,,1.0
103.0,3.0,4.0,10386.0,18.0,30.0,,,5.0
640.0,3.0,4.0,6448.0,10.0,25.0,,,13.0
536.0,3.0,4.0,53594.0,10.0,25.0,,,13.0
315.0,3.0,4.0,31489.0,46.0,8.0,,,2.0
698.0,3.0,4.0,70288.0,46.0,8.0,,,2.0
623.0,3.0,6.0,62344.0,46.0,62.0,,,9.0
642.0,3.0,6.0,6448.0,46.0,62.0,,,9.0
694.0,3.0,6.0,69494.0,10.0,14.0,,,6.0
697.0,3.0,6.0,69647.0,10.0,14.0,,,6.0
638.0,3.0,6.0,63847.0,71.0,25.0,,,2.0
367.0,3.0,6.0,367101.0,71.0,25.0,,,2.0
647.0,3.0,6.0,64590.0,32.0,109.0,,,4.0
344.0,3.0,6.0,34450.0,32.0,109.0,,,4.0
667.0,3.0,6.0,66982.0,16.0,100.0,,,7.0
377.0,3.0,6.0,37890.0,16.0,100.0,,,7.0
608.0,3.0,6.0,60895.0,80.0,26.0,,,5.0
217.0,3.0,6.0,21785.0,80.0,26.0,,,5.0
323.0,3.0,6.0,32276.0,88.0,8.0,,,3.0
218.0,3.0,6.0,22289.0,88.0,8.0,,,3.0
632.0,3.0,6.0,6322.0,1.0,9.0,,,10.0
6103.0,3.0,6.0,6101077.0,1.0,9.0,,,10.0
123.0,3.0,6.0,11789.0,38.0,19.0,,,1.0
229.0,3.0,6.0,22789.0,38.0,19.0,,,1.0
341.0,3.0,6.0,34193.0,74.0,55.0,,,8.0
330.0,3.0,6.0,33089.0,74.0,55.0,,,8.0
385.0,4.0,1.0,38788.0,,,29.0,,8.0
591.0,4.0,1.0,59133.0,,,51.0,,9.0
626.0,4.0,1.0,62048.0,,,23.0,,5.0
381.0,4.0,1.0,38788.0,,,29.0,,8.0
520.0,4.0,1.0,52247.0,,,52.0,,1.0
627.0,4.0,1.0,628124.0,,,5.0,,3.0
565.0,4.0,1.0,5648.0,,,48.0,,2.0
652.0,4.0,1.0,6525.0,,,43.0,,4.0
6092.0,4.0,1.0,60920132.0,,,107.0,,6.0
222.0,4.0,1.0,21845.0,,,73.0,,7.0
619.0,4.0,1.0,62048.0,,,23.0,,5.0
507.0,4.0,2.0,50732.0,,,48.0,,2.0
6104.0,4.0,2.0,6101077.0,,,107.0,,5.0
577.0,4.0,2.0,57688.0,,,73.0,,3.0
557.0,4.0,2.0,55292.0,,,29.0,,9.0
204.0,4.0,2.0,2048.0,,,52.0,,1.0
369.0,4.0,2.0,37052.0,,,5.0,,8.0
554.0,4.0,2.0,55544.0,,,43.0,,7.0
635.0,4.0,2.0,63586.0,,,23.0,,4.0
301.0,4.0,2.0,30186.0,,,51.0,,6.0
220.0,4.0,3.0,22088.0,,,51.0,,5.0
227.0,4.0,3.0,22952.0,,,43.0,,2.0
532.0,4.0,3.0,5333.0,,,29.0,,8.0
378.0,4.0,3.0,37890.0,,,5.0,,7.0
318.0,4.0,3.0,3196.0,,,73.0,,3.0
700.0,4.0,3.0,70288.0,,,48.0,,9.0
701.0,4.0,3.0,70288.0,,,48.0,,9.0
311.0,4.0,3.0,31489.0,,,23.0,,4.0
505.0,4.0,3.0,50649.0,,,107.0,,1.0
649.0,4.0,3.0,64944.0,,,52.0,,6.0
639.0,4.0,4.0,639156.0,,,5.0,,7.0
319.0,4.0,4.0,31786.0,,,29.0,,8.0
543.0,4.0,4.0,53594.0,,,43.0,,1.0
598.0,4.0,4.0,59887.0,,,23.0,,4.0
342.0,4.0,4.0,34246.0,,,48.0,,9.0
102.0,4.0,4.0,1025.0,,,107.0,,2.0
570.0,4.0,4.0,5854.0,,,51.0,,3.0
322.0,4.0,4.0,32273.0,,,52.0,,5.0
374.0,4.0,4.0,3762.0,,,73.0,,6.0
669.0,4.0,5.0,66982.0,,,5.0,,1.0
673.0,4.0,5.0,6775.0,,,73.0,,2.0
603.0,4.0,5.0,60383.0,,,48.0,,4.0
699.0,4.0,5.0,70485.0,,,107.0,,3.0
668.0,4.0,5.0,66982.0,,,5.0,,1.0
512.0,4.0,6.0,51289.0,,,5.0,,1.0
112.0,4.0,6.0,11146.0,,,48.0,,4.0
219.0,4.0,6.0,21985.0,,,73.0,,2.0
510.0,4.0,6.0,51289.0,,,5.0,,1.0
654.0,4.0,6.0,6543.0,,,107.0,,3.0
379.0,4.0,7.0,37988.0,,,48.0,,1.0
362.0,4.0,7.0,37745.0,,,107.0,,2.0
