a7,rouge,geo_stratum,jontax,stratum_jon,commune,joncomp2016,salongo_freq,collect_ever,collect_what_1,chef_stratum,comp_stratum,stratum
100.0,0.0,1.0,0.0,3.0,1.0,1.0,4,0,0.0,1.0,1.0,1.0
101.0,0.0,1.0,0.0,3.0,1.0,1.0,5,0,0.0,2.0,1.0,1.0
102.0,0.0,1.0,0.0,1.0,1.0,1.0,2,0,0.0,1.0,1.0,1.0
103.0,0.0,1.0,0.0,1.0,1.0,1.0,1,0,0.0,,1.0,1.0
104.0,0.0,1.0,0.0,2.0,1.0,1.0,2,1,0.0,2.0,1.0,1.0
105.0,0.0,1.0,1.0,2.0,1.0,2.0,4,0,0.0,2.0,1.0,3.0
106.0,0.0,1.0,0.0,3.0,1.0,1.0,4,0,0.0,2.0,1.0,1.0
107.0,0.0,1.0,1.0,2.0,1.0,2.0,0,0,0.0,1.0,1.0,3.0
108.0,0.0,1.0,0.0,1.0,1.0,1.0,7,1,0.0,1.0,1.0,1.0
109.0,0.0,1.0,1.0,1.0,1.0,1.0,7,1,0.0,1.0,1.0,3.0
110.0,0.0,1.0,1.0,2.0,1.0,1.0,4,0,0.0,1.0,1.0,3.0
111.0,0.0,1.0,1.0,3.0,1.0,2.0,4,1,1.0,2.0,1.0,4.0
112.0,0.0,1.0,1.0,3.0,1.0,2.0,4,1,1.0,2.0,1.0,4.0
113.0,0.0,1.0,1.0,3.0,1.0,1.0,4,1,1.0,2.0,1.0,4.0
114.0,0.0,1.0,0.0,2.0,1.0,1.0,4,1,1.0,2.0,1.0,2.0
115.0,0.0,1.0,1.0,2.0,1.0,1.0,4,1,1.0,2.0,1.0,4.0
116.0,0.0,1.0,1.0,3.0,1.0,2.0,4,0,0.0,1.0,1.0,3.0
117.0,0.0,1.0,1.0,2.0,1.0,2.0,4,0,0.0,2.0,1.0,3.0
118.0,0.0,1.0,0.0,3.0,1.0,1.0,1,0,0.0,1.0,1.0,1.0
119.0,0.0,1.0,1.0,1.0,1.0,2.0,4,0,0.0,1.0,1.0,3.0
120.0,0.0,1.0,0.0,1.0,1.0,1.0,2,1,1.0,2.0,1.0,2.0
121.0,0.0,1.0,1.0,1.0,1.0,1.0,2,1,1.0,2.0,1.0,4.0
122.0,0.0,1.0,1.0,1.0,1.0,1.0,4,0,0.0,1.0,1.0,3.0
123.0,0.0,1.0,0.0,3.0,1.0,1.0,4,0,0.0,2.0,1.0,1.0
124.0,0.0,1.0,0.0,2.0,1.0,1.0,4,0,0.0,2.0,1.0,1.0
125.0,0.0,1.0,1.0,1.0,1.0,2.0,4,1,1.0,2.0,1.0,4.0
126.0,0.0,1.0,1.0,6.0,1.0,1.0,1,0,0.0,2.0,1.0,3.0
204.0,0.0,1.0,1.0,2.0,2.0,2.0,2,1,1.0,2.0,1.0,4.0
205.0,0.0,1.0,0.0,2.0,2.0,1.0,2,1,1.0,2.0,1.0,2.0
206.0,0.0,1.0,1.0,2.0,2.0,1.0,2,1,1.0,2.0,1.0,4.0
209.0,0.0,2.0,0.0,4.0,2.0,1.0,2,1,1.0,2.0,1.0,6.0
211.0,0.0,2.0,1.0,5.0,2.0,2.0,4,1,1.0,,1.0,8.0
212.0,0.0,2.0,1.0,5.0,2.0,2.0,4,0,0.0,2.0,1.0,7.0
213.0,0.0,2.0,0.0,6.0,2.0,1.0,4,0,0.0,2.0,1.0,5.0
214.0,0.0,2.0,0.0,6.0,2.0,1.0,4,0,0.0,,1.0,5.0
215.0,0.0,2.0,1.0,5.0,2.0,2.0,3,1,1.0,2.0,1.0,8.0
216.0,0.0,2.0,1.0,5.0,1.0,1.0,4,1,1.0,2.0,1.0,8.0
217.0,0.0,2.0,1.0,6.0,1.0,2.0,6,0,0.0,2.0,1.0,7.0
218.0,0.0,2.0,0.0,6.0,1.0,1.0,4,1,1.0,2.0,1.0,6.0
219.0,0.0,2.0,0.0,5.0,2.0,1.0,4,0,0.0,2.0,1.0,5.0
220.0,0.0,2.0,1.0,4.0,2.0,1.0,4,1,1.0,2.0,1.0,8.0
221.0,0.0,2.0,0.0,6.0,2.0,1.0,4,1,1.0,,1.0,6.0
222.0,0.0,2.0,1.0,4.0,2.0,1.0,4,1,1.0,2.0,1.0,8.0
223.0,0.0,2.0,1.0,6.0,1.0,2.0,4,1,1.0,2.0,1.0,8.0
224.0,0.0,2.0,0.0,5.0,1.0,1.0,4,0,0.0,,1.0,5.0
225.0,0.0,2.0,0.0,6.0,1.0,1.0,4,1,1.0,2.0,1.0,6.0
226.0,0.0,2.0,1.0,5.0,1.0,1.0,4,1,1.0,2.0,1.0,8.0
227.0,0.0,2.0,1.0,6.0,1.0,2.0,4,0,0.0,,1.0,7.0
228.0,0.0,2.0,1.0,4.0,1.0,1.0,4,0,0.0,,1.0,7.0
229.0,0.0,2.0,0.0,5.0,1.0,1.0,4,1,1.0,2.0,1.0,6.0
230.0,0.0,2.0,0.0,4.0,1.0,1.0,10,1,1.0,2.0,1.0,6.0
231.0,0.0,2.0,1.0,4.0,1.0,1.0,10,1,1.0,2.0,1.0,8.0
232.0,0.0,2.0,0.0,4.0,1.0,1.0,10,1,1.0,2.0,1.0,6.0
233.0,0.0,2.0,1.0,4.0,1.0,2.0,4,1,1.0,,1.0,8.0
234.0,0.0,2.0,0.0,5.0,1.0,1.0,5,0,0.0,2.0,1.0,5.0
235.0,0.0,2.0,1.0,5.0,1.0,2.0,4,0,0.0,1.0,1.0,7.0
236.0,0.0,2.0,1.0,6.0,5.0,2.0,3,0,0.0,2.0,1.0,7.0
237.0,0.0,5.0,0.0,5.0,2.0,1.0,4,0,0.0,1.0,1.0,18.0
238.0,0.0,5.0,1.0,6.0,2.0,2.0,4,0,0.0,2.0,1.0,20.0
239.0,0.0,2.0,1.0,5.0,2.0,2.0,4,0,0.0,1.0,1.0,7.0
240.0,0.0,2.0,1.0,5.0,2.0,2.0,4,1,1.0,1.0,1.0,8.0
241.0,0.0,2.0,1.0,4.0,2.0,1.0,4,1,1.0,2.0,1.0,8.0
242.0,0.0,4.0,1.0,6.0,2.0,1.0,4,1,1.0,2.0,1.0,15.0
243.0,0.0,4.0,0.0,29.0,2.0,1.0,4,0,0.0,2.0,1.0,12.0
244.0,0.0,4.0,1.0,28.0,2.0,1.0,4,1,1.0,,1.0,15.0
245.0,0.0,4.0,1.0,29.0,2.0,1.0,4,0,0.0,2.0,1.0,14.0
246.0,0.0,4.0,1.0,28.0,2.0,1.0,4,0,0.0,2.0,1.0,14.0
300.0,0.0,3.0,1.0,29.0,2.0,1.0,4,0,0.0,1.0,1.0,10.0
301.0,0.0,3.0,1.0,28.0,2.0,2.0,4,0,0.0,2.0,1.0,10.0
302.0,0.0,3.0,0.0,29.0,2.0,1.0,4,0,0.0,1.0,1.0,9.0
303.0,0.0,3.0,1.0,29.0,2.0,2.0,4,0,0.0,1.0,1.0,10.0
304.0,0.0,3.0,1.0,28.0,2.0,2.0,4,0,0.0,1.0,1.0,10.0
305.0,0.0,3.0,0.0,28.0,3.0,1.0,4,0,0.0,1.0,1.0,9.0
306.0,0.0,3.0,0.0,29.0,3.0,1.0,4,0,0.0,1.0,1.0,9.0
307.0,0.0,3.0,1.0,28.0,2.0,1.0,4,0,0.0,1.0,1.0,10.0
308.0,0.0,3.0,0.0,28.0,2.0,1.0,4,0,0.0,2.0,1.0,9.0
309.0,0.0,3.0,1.0,29.0,2.0,1.0,4,0,0.0,2.0,1.0,10.0
310.0,0.0,3.0,0.0,29.0,3.0,1.0,4,0,0.0,2.0,1.0,9.0
311.0,0.0,4.0,0.0,28.0,2.0,1.0,4,0,0.0,1.0,1.0,12.0
312.0,0.0,4.0,0.0,29.0,2.0,1.0,4,1,1.0,1.0,1.0,13.0
313.0,0.0,4.0,0.0,30.0,2.0,1.0,4,0,0.0,1.0,1.0,12.0
314.0,0.0,4.0,0.0,30.0,2.0,1.0,4,0,0.0,1.0,1.0,12.0
315.0,0.0,3.0,1.0,30.0,3.0,1.0,4,0,0.0,1.0,1.0,10.0
316.0,0.0,4.0,0.0,30.0,3.0,1.0,2,0,0.0,,1.0,12.0
317.0,0.0,4.0,1.0,30.0,3.0,1.0,4,0,0.0,1.0,1.0,14.0
318.0,0.0,4.0,1.0,29.0,3.0,2.0,2,0,0.0,,2.0,16.0
319.0,0.0,3.0,1.0,30.0,3.0,1.0,4,1,1.0,2.0,1.0,11.0
320.0,0.0,3.0,0.0,32.0,3.0,1.0,4,0,0.0,2.0,1.0,9.0
321.0,0.0,3.0,1.0,32.0,3.0,2.0,4,0,0.0,1.0,1.0,10.0
322.0,1.0,3.0,1.0,33.0,3.0,2.0,4,0,0.0,1.0,1.0,10.0
323.0,1.0,3.0,0.0,31.0,3.0,1.0,4,0,0.0,2.0,1.0,9.0
324.0,0.0,3.0,0.0,31.0,3.0,1.0,4,0,0.0,2.0,1.0,9.0
325.0,1.0,3.0,0.0,32.0,3.0,1.0,4,0,0.0,2.0,1.0,9.0
326.0,1.0,3.0,1.0,31.0,3.0,1.0,4,0,0.0,1.0,1.0,10.0
327.0,0.0,3.0,1.0,31.0,3.0,2.0,2,0,0.0,1.0,1.0,10.0
328.0,0.0,3.0,1.0,32.0,3.0,2.0,2,0,0.0,1.0,1.0,10.0
329.0,0.0,3.0,1.0,33.0,3.0,2.0,4,0,0.0,1.0,1.0,10.0
330.0,0.0,3.0,1.0,31.0,3.0,2.0,4,0,0.0,2.0,1.0,10.0
331.0,1.0,3.0,1.0,31.0,3.0,2.0,4,0,0.0,2.0,1.0,10.0
332.0,0.0,3.0,0.0,33.0,3.0,1.0,4,0,0.0,2.0,1.0,9.0
333.0,0.0,3.0,1.0,32.0,3.0,2.0,1,0,0.0,1.0,1.0,10.0
334.0,0.0,3.0,0.0,33.0,3.0,1.0,1,0,0.0,1.0,1.0,9.0
335.0,0.0,3.0,1.0,29.0,3.0,1.0,1,0,0.0,1.0,1.0,10.0
336.0,0.0,4.0,0.0,28.0,3.0,1.0,2,0,0.0,,1.0,12.0
337.0,0.0,4.0,1.0,30.0,3.0,2.0,1,0,0.0,1.0,2.0,16.0
338.0,0.0,4.0,0.0,30.0,3.0,1.0,4,0,0.0,1.0,1.0,12.0
339.0,0.0,4.0,0.0,30.0,3.0,1.0,4,1,1.0,1.0,1.0,13.0
341.0,0.0,4.0,0.0,13.0,3.0,1.0,2,1,1.0,1.0,1.0,13.0
342.0,0.0,4.0,1.0,29.0,3.0,2.0,4,1,1.0,1.0,2.0,17.0
343.0,0.0,4.0,1.0,30.0,3.0,1.0,4,1,1.0,1.0,1.0,15.0
344.0,0.0,4.0,1.0,30.0,3.0,1.0,4,0,0.0,2.0,1.0,14.0
345.0,0.0,4.0,1.0,30.0,3.0,1.0,2,0,0.0,1.0,1.0,14.0
346.0,0.0,4.0,1.0,15.0,3.0,1.0,1,1,1.0,1.0,1.0,15.0
347.0,0.0,5.0,0.0,15.0,3.0,1.0,2,1,1.0,1.0,1.0,19.0
348.0,0.0,5.0,0.0,13.0,3.0,1.0,2,0,0.0,2.0,1.0,18.0
349.0,0.0,5.0,1.0,13.0,3.0,2.0,2,0,0.0,2.0,1.0,20.0
350.0,0.0,5.0,1.0,13.0,3.0,2.0,2,0,0.0,2.0,1.0,20.0
351.0,0.0,5.0,1.0,13.0,3.0,2.0,8,0,0.0,1.0,1.0,20.0
352.0,0.0,5.0,1.0,13.0,3.0,1.0,2,0,0.0,2.0,1.0,20.0
353.0,0.0,5.0,1.0,32.0,3.0,2.0,4,0,0.0,1.0,1.0,20.0
354.0,0.0,4.0,1.0,33.0,3.0,2.0,6,0,0.0,1.0,2.0,16.0
355.0,0.0,4.0,1.0,32.0,3.0,1.0,1,1,1.0,2.0,1.0,15.0
356.0,0.0,4.0,0.0,33.0,3.0,1.0,1,1,1.0,2.0,1.0,13.0
357.0,0.0,4.0,1.0,33.0,3.0,2.0,4,0,0.0,2.0,2.0,16.0
358.0,0.0,4.0,1.0,33.0,3.0,2.0,4,0,0.0,2.0,2.0,16.0
359.0,0.0,4.0,1.0,13.0,3.0,1.0,1,0,0.0,1.0,1.0,14.0
360.0,0.0,5.0,0.0,13.0,3.0,1.0,4,0,0.0,1.0,1.0,18.0
361.0,0.0,5.0,0.0,13.0,3.0,1.0,4,1,1.0,1.0,1.0,19.0
362.0,0.0,4.0,1.0,13.0,3.0,2.0,4,1,1.0,1.0,2.0,17.0
363.0,0.0,5.0,0.0,15.0,3.0,1.0,4,0,0.0,,1.0,18.0
364.0,0.0,5.0,0.0,14.0,3.0,1.0,4,0,0.0,,1.0,18.0
365.0,0.0,5.0,0.0,14.0,3.0,1.0,4,1,1.0,1.0,1.0,19.0
366.0,0.0,11.0,0.0,32.0,3.0,1.0,2,0,0.0,1.0,1.0,48.0
367.0,0.0,11.0,0.0,31.0,3.0,1.0,2,1,1.0,2.0,1.0,49.0
368.0,0.0,11.0,1.0,14.0,3.0,2.0,3,0,0.0,1.0,1.0,50.0
369.0,0.0,11.0,1.0,15.0,3.0,2.0,4,0,0.0,1.0,1.0,50.0
370.0,0.0,5.0,1.0,15.0,3.0,2.0,4,1,0.0,1.0,1.0,20.0
371.0,0.0,5.0,0.0,14.0,3.0,1.0,4,0,0.0,1.0,1.0,18.0
372.0,0.0,11.0,1.0,15.0,3.0,2.0,4,0,0.0,1.0,1.0,50.0
373.0,0.0,11.0,1.0,14.0,3.0,2.0,4,1,1.0,1.0,1.0,51.0
374.0,0.0,11.0,0.0,13.0,3.0,1.0,4,0,0.0,,1.0,48.0
375.0,0.0,11.0,0.0,15.0,3.0,1.0,4,0,0.0,,1.0,48.0
376.0,0.0,5.0,0.0,15.0,3.0,1.0,4,0,0.0,,1.0,18.0
377.0,0.0,11.0,0.0,15.0,3.0,1.0,4,0,0.0,1.0,1.0,48.0
378.0,0.0,11.0,0.0,14.0,3.0,1.0,4,0,0.0,1.0,1.0,48.0
379.0,0.0,11.0,1.0,15.0,3.0,2.0,10,1,1.0,2.0,1.0,51.0
380.0,0.0,11.0,0.0,14.0,3.0,1.0,10,1,1.0,2.0,1.0,49.0
381.0,0.0,5.0,0.0,4.0,3.0,1.0,4,0,0.0,2.0,1.0,18.0
382.0,0.0,5.0,1.0,5.0,3.0,2.0,2,1,0.0,2.0,1.0,20.0
384.0,0.0,5.0,1.0,6.0,3.0,2.0,4,0,0.0,2.0,1.0,20.0
385.0,0.0,5.0,0.0,6.0,3.0,1.0,4,0,0.0,2.0,1.0,18.0
386.0,0.0,5.0,0.0,4.0,3.0,1.0,4,1,1.0,2.0,1.0,19.0
387.0,0.0,11.0,1.0,4.0,3.0,2.0,4,0,0.0,1.0,1.0,50.0
500.0,0.0,5.0,1.0,5.0,5.0,2.0,4,1,1.0,2.0,1.0,21.0
501.0,0.0,12.0,0.0,5.0,5.0,1.0,4,0,0.0,2.0,1.0,52.0
502.0,0.0,5.0,1.0,4.0,5.0,1.0,4,1,1.0,2.0,1.0,21.0
503.0,0.0,5.0,0.0,5.0,5.0,1.0,4,1,1.0,2.0,1.0,19.0
504.0,0.0,5.0,1.0,5.0,5.0,2.0,4,1,1.0,2.0,1.0,21.0
505.0,0.0,5.0,1.0,5.0,5.0,1.0,4,1,1.0,2.0,1.0,21.0
506.0,0.0,5.0,1.0,6.0,5.0,1.0,4,1,1.0,2.0,1.0,21.0
507.0,0.0,5.0,1.0,6.0,5.0,2.0,4,1,1.0,2.0,1.0,21.0
508.0,0.0,5.0,1.0,6.0,5.0,2.0,4,1,1.0,1.0,1.0,21.0
509.0,0.0,6.0,0.0,6.0,5.0,1.0,4,1,1.0,1.0,1.0,23.0
510.0,0.0,6.0,1.0,4.0,5.0,2.0,3,1,1.0,1.0,1.0,25.0
511.0,0.0,6.0,0.0,5.0,5.0,1.0,0,0,0.0,1.0,1.0,22.0
512.0,0.0,6.0,0.0,6.0,5.0,1.0,3,1,1.0,1.0,1.0,23.0
513.0,0.0,6.0,0.0,5.0,5.0,1.0,3,1,1.0,1.0,1.0,23.0
514.0,0.0,6.0,1.0,4.0,5.0,2.0,1,0,0.0,1.0,1.0,24.0
515.0,0.0,6.0,0.0,5.0,5.0,1.0,2,1,1.0,,1.0,23.0
516.0,0.0,6.0,1.0,4.0,5.0,2.0,2,1,1.0,,1.0,25.0
517.0,0.0,6.0,0.0,6.0,5.0,1.0,4,1,1.0,2.0,1.0,23.0
518.0,0.0,6.0,0.0,9.0,5.0,1.0,4,1,1.0,2.0,1.0,23.0
520.0,0.0,12.0,0.0,4.0,5.0,1.0,12,0,0.0,2.0,1.0,52.0
521.0,0.0,12.0,1.0,7.0,5.0,2.0,12,0,0.0,2.0,1.0,54.0
522.0,0.0,12.0,0.0,9.0,5.0,1.0,0,0,0.0,1.0,1.0,52.0
523.0,0.0,12.0,1.0,9.0,5.0,1.0,2,0,0.0,2.0,1.0,54.0
524.0,0.0,6.0,1.0,7.0,1.0,2.0,4,0,0.0,1.0,1.0,24.0
525.0,0.0,6.0,1.0,7.0,5.0,2.0,4,0,0.0,1.0,1.0,24.0
526.0,0.0,6.0,1.0,8.0,5.0,1.0,4,0,0.0,1.0,1.0,24.0
527.0,0.0,6.0,1.0,7.0,5.0,2.0,4,0,0.0,1.0,1.0,24.0
528.0,0.0,6.0,1.0,8.0,1.0,2.0,4,0,0.0,1.0,1.0,24.0
529.0,0.0,6.0,1.0,8.0,1.0,2.0,4,0,0.0,1.0,1.0,24.0
530.0,0.0,6.0,1.0,9.0,1.0,2.0,4,0,0.0,1.0,1.0,24.0
531.0,0.0,6.0,0.0,9.0,5.0,1.0,4,0,0.0,1.0,1.0,22.0
532.0,0.0,6.0,1.0,7.0,1.0,2.0,4,0,0.0,1.0,1.0,24.0
533.0,0.0,6.0,1.0,9.0,5.0,1.0,4,0,0.0,1.0,1.0,24.0
534.0,0.0,6.0,0.0,8.0,5.0,1.0,4,0,0.0,1.0,1.0,22.0
535.0,0.0,6.0,1.0,7.0,5.0,1.0,4,0,0.0,1.0,1.0,24.0
536.0,0.0,6.0,1.0,9.0,5.0,1.0,2,1,1.0,2.0,1.0,25.0
537.0,0.0,6.0,1.0,9.0,5.0,1.0,2,1,1.0,2.0,1.0,25.0
538.0,0.0,6.0,1.0,8.0,5.0,1.0,2,1,1.0,2.0,1.0,25.0
539.0,0.0,6.0,1.0,8.0,5.0,1.0,4,1,1.0,1.0,1.0,25.0
540.0,0.0,6.0,1.0,8.0,5.0,1.0,2,1,1.0,2.0,1.0,25.0
541.0,0.0,6.0,0.0,9.0,5.0,1.0,4,1,1.0,1.0,1.0,23.0
542.0,0.0,6.0,1.0,8.0,5.0,2.0,2,1,1.0,2.0,1.0,25.0
543.0,0.0,6.0,0.0,8.0,5.0,1.0,2,1,1.0,2.0,1.0,23.0
544.0,0.0,12.0,0.0,9.0,5.0,1.0,2,1,1.0,2.0,1.0,53.0
545.0,0.0,12.0,1.0,9.0,5.0,2.0,2,1,1.0,2.0,1.0,55.0
546.0,0.0,7.0,0.0,7.0,5.0,1.0,4,1,1.0,2.0,1.0,27.0
547.0,0.0,7.0,1.0,8.0,5.0,1.0,4,1,1.0,2.0,1.0,29.0
548.0,0.0,7.0,0.0,8.0,5.0,1.0,4,1,1.0,2.0,1.0,27.0
549.0,0.0,7.0,0.0,8.0,5.0,1.0,4,1,1.0,2.0,1.0,27.0
550.0,0.0,7.0,0.0,9.0,5.0,1.0,4,1,1.0,2.0,1.0,27.0
551.0,0.0,7.0,1.0,9.0,5.0,2.0,4,1,1.0,2.0,2.0,31.0
552.0,0.0,7.0,1.0,7.0,5.0,1.0,3,1,1.0,2.0,1.0,29.0
553.0,0.0,7.0,0.0,8.0,5.0,1.0,4,1,1.0,2.0,1.0,27.0
554.0,0.0,7.0,1.0,9.0,5.0,1.0,4,1,1.0,2.0,1.0,29.0
555.0,0.0,7.0,1.0,8.0,5.0,1.0,4,1,1.0,2.0,1.0,29.0
556.0,0.0,7.0,1.0,7.0,5.0,1.0,3,1,1.0,2.0,1.0,29.0
557.0,0.0,7.0,0.0,7.0,5.0,1.0,3,1,1.0,2.0,1.0,27.0
558.0,0.0,7.0,1.0,8.0,5.0,1.0,4,0,0.0,2.0,1.0,28.0
559.0,0.0,7.0,0.0,7.0,5.0,1.0,4,0,0.0,2.0,1.0,26.0
560.0,0.0,7.0,1.0,9.0,5.0,2.0,4,1,1.0,2.0,2.0,31.0
561.0,0.0,12.0,0.0,10.0,5.0,1.0,4,0,0.0,2.0,1.0,52.0
562.0,0.0,7.0,1.0,7.0,5.0,1.0,4,0,0.0,2.0,1.0,28.0
563.0,0.0,7.0,1.0,9.0,5.0,2.0,4,0,0.0,2.0,2.0,30.0
564.0,0.0,7.0,0.0,8.0,5.0,1.0,4,0,0.0,2.0,1.0,26.0
565.0,0.0,7.0,0.0,8.0,5.0,1.0,2,0,0.0,1.0,1.0,26.0
566.0,0.0,7.0,0.0,12.0,5.0,1.0,1,0,0.0,1.0,1.0,26.0
567.0,0.0,12.0,1.0,10.0,5.0,2.0,4,1,1.0,2.0,1.0,55.0
569.0,0.0,12.0,1.0,10.0,5.0,2.0,4,1,1.0,2.0,1.0,55.0
570.0,0.0,12.0,1.0,11.0,5.0,1.0,4,1,1.0,2.0,1.0,55.0
571.0,0.0,12.0,1.0,11.0,5.0,2.0,4,1,1.0,2.0,1.0,55.0
572.0,0.0,7.0,0.0,12.0,5.0,1.0,3,0,0.0,1.0,1.0,26.0
573.0,0.0,7.0,1.0,12.0,1.0,1.0,3,0,0.0,1.0,1.0,28.0
574.0,0.0,7.0,0.0,11.0,1.0,1.0,4,0,0.0,2.0,1.0,26.0
575.0,0.0,7.0,1.0,10.0,1.0,1.0,4,0,0.0,2.0,1.0,28.0
576.0,0.0,7.0,0.0,12.0,5.0,1.0,4,0,0.0,2.0,1.0,26.0
577.0,0.0,7.0,1.0,11.0,1.0,2.0,4,0,0.0,2.0,2.0,30.0
578.0,0.0,7.0,0.0,11.0,1.0,1.0,4,0,0.0,2.0,1.0,26.0
579.0,0.0,7.0,1.0,12.0,5.0,2.0,4,1,1.0,2.0,2.0,31.0
580.0,0.0,7.0,0.0,11.0,5.0,1.0,4,1,1.0,2.0,1.0,27.0
581.0,0.0,7.0,1.0,12.0,5.0,1.0,4,1,1.0,2.0,1.0,29.0
582.0,0.0,8.0,0.0,11.0,5.0,1.0,4,1,1.0,2.0,1.0,33.0
583.0,0.0,8.0,1.0,11.0,5.0,2.0,4,1,1.0,2.0,1.0,35.0
584.0,0.0,8.0,1.0,12.0,5.0,1.0,4,1,1.0,2.0,1.0,35.0
585.0,0.0,8.0,1.0,10.0,5.0,2.0,4,1,1.0,2.0,1.0,35.0
586.0,0.0,8.0,0.0,10.0,5.0,1.0,4,0,0.0,1.0,1.0,32.0
587.0,1.0,9.0,0.0,12.0,5.0,1.0,4,0,0.0,1.0,1.0,36.0
588.0,0.0,9.0,1.0,12.0,5.0,2.0,4,0,0.0,1.0,2.0,40.0
589.0,0.0,9.0,0.0,10.0,5.0,1.0,4,0,0.0,1.0,1.0,36.0
590.0,1.0,9.0,1.0,12.0,5.0,1.0,4,0,0.0,2.0,1.0,38.0
591.0,1.0,9.0,1.0,12.0,5.0,2.0,2,1,1.0,2.0,2.0,41.0
592.0,0.0,9.0,1.0,12.0,5.0,2.0,2,1,1.0,2.0,2.0,41.0
593.0,0.0,9.0,0.0,11.0,5.0,1.0,8,0,0.0,2.0,1.0,36.0
594.0,0.0,9.0,0.0,12.0,5.0,1.0,8,1,1.0,2.0,1.0,37.0
595.0,0.0,9.0,0.0,10.0,5.0,1.0,2,0,0.0,1.0,1.0,36.0
596.0,0.0,9.0,1.0,12.0,5.0,1.0,2,0,0.0,1.0,1.0,38.0
597.0,0.0,9.0,1.0,10.0,5.0,2.0,8,0,0.0,2.0,2.0,40.0
598.0,0.0,9.0,1.0,10.0,5.0,2.0,2,0,0.0,2.0,2.0,40.0
599.0,0.0,9.0,1.0,11.0,5.0,1.0,1,0,0.0,1.0,1.0,38.0
600.0,0.0,9.0,1.0,10.0,5.0,2.0,1,0,0.0,2.0,2.0,40.0
601.0,0.0,9.0,1.0,10.0,5.0,2.0,1,0,0.0,2.0,2.0,40.0
602.0,0.0,8.0,0.0,10.0,5.0,1.0,4,1,1.0,1.0,1.0,33.0
603.0,0.0,8.0,0.0,12.0,5.0,1.0,4,1,1.0,1.0,1.0,33.0
604.0,0.0,8.0,1.0,11.0,5.0,2.0,4,0,0.0,,1.0,34.0
605.0,0.0,9.0,1.0,11.0,5.0,2.0,4,0,0.0,,2.0,40.0
606.0,0.0,9.0,1.0,20.0,5.0,2.0,4,0,0.0,,2.0,40.0
607.0,0.0,9.0,1.0,19.0,5.0,1.0,2,0,0.0,,1.0,38.0
608.0,0.0,9.0,0.0,19.0,5.0,1.0,3,0,0.0,1.0,1.0,36.0
611.0,0.0,9.0,0.0,21.0,5.0,1.0,4,0,0.0,1.0,1.0,36.0
612.0,1.0,9.0,1.0,20.0,5.0,1.0,4,0,0.0,1.0,1.0,38.0
613.0,0.0,9.0,1.0,20.0,5.0,1.0,4,0,0.0,1.0,1.0,38.0
614.0,0.0,9.0,0.0,19.0,5.0,1.0,2,0,0.0,,1.0,36.0
615.0,0.0,8.0,0.0,20.0,5.0,1.0,4,1,1.0,1.0,1.0,33.0
616.0,0.0,8.0,0.0,21.0,5.0,1.0,4,1,1.0,1.0,1.0,33.0
617.0,0.0,8.0,1.0,21.0,5.0,2.0,4,1,1.0,1.0,1.0,35.0
618.0,0.0,8.0,1.0,19.0,5.0,2.0,4,1,1.0,1.0,1.0,35.0
619.0,0.0,8.0,1.0,21.0,5.0,2.0,4,1,1.0,2.0,1.0,35.0
620.0,0.0,8.0,1.0,21.0,5.0,2.0,4,1,1.0,2.0,1.0,35.0
621.0,0.0,8.0,1.0,19.0,5.0,2.0,0,0,0.0,1.0,1.0,34.0
622.0,0.0,8.0,1.0,19.0,5.0,2.0,5,1,1.0,1.0,1.0,35.0
623.0,0.0,8.0,1.0,20.0,5.0,2.0,2,0,0.0,2.0,1.0,34.0
624.0,0.0,8.0,0.0,11.0,5.0,1.0,4,0,0.0,1.0,1.0,32.0
625.0,0.0,8.0,0.0,20.0,5.0,1.0,2,0,0.0,2.0,1.0,32.0
626.0,0.0,8.0,1.0,11.0,5.0,1.0,4,1,1.0,2.0,1.0,35.0
627.0,0.0,8.0,0.0,10.0,5.0,1.0,0,0,0.0,1.0,1.0,32.0
628.0,0.0,8.0,0.0,11.0,5.0,1.0,1,1,1.0,1.0,1.0,33.0
629.0,0.0,8.0,0.0,7.0,5.0,1.0,1,1,1.0,1.0,1.0,33.0
630.0,0.0,8.0,1.0,8.0,5.0,1.0,4,0,0.0,1.0,1.0,34.0
631.0,0.0,8.0,0.0,17.0,5.0,1.0,0,0,0.0,1.0,1.0,32.0
632.0,0.0,8.0,1.0,17.0,5.0,2.0,3,1,1.0,1.0,1.0,35.0
633.0,0.0,8.0,0.0,9.0,5.0,1.0,2,0,0.0,1.0,1.0,32.0
634.0,0.0,8.0,1.0,18.0,5.0,1.0,4,0,0.0,1.0,1.0,34.0
635.0,0.0,8.0,0.0,18.0,5.0,1.0,3,1,1.0,2.0,1.0,33.0
636.0,0.0,8.0,1.0,17.0,5.0,2.0,2,0,0.0,1.0,1.0,34.0
637.0,0.0,10.0,0.0,17.0,5.0,1.0,2,0,0.0,1.0,1.0,42.0
638.0,0.0,10.0,0.0,18.0,5.0,1.0,4,0,0.0,2.0,1.0,42.0
639.0,0.0,10.0,1.0,17.0,5.0,1.0,7,1,1.0,2.0,1.0,45.0
640.0,0.0,10.0,1.0,18.0,5.0,1.0,4,0,0.0,1.0,1.0,44.0
641.0,0.0,10.0,1.0,16.0,5.0,2.0,7,1,1.0,2.0,2.0,47.0
642.0,0.0,10.0,0.0,8.0,5.0,1.0,4,0,0.0,1.0,1.0,42.0
643.0,0.0,10.0,1.0,16.0,5.0,2.0,4,0,0.0,1.0,2.0,46.0
644.0,0.0,10.0,0.0,18.0,5.0,1.0,4,1,1.0,2.0,1.0,43.0
645.0,0.0,10.0,0.0,18.0,5.0,1.0,4,1,1.0,2.0,1.0,43.0
646.0,0.0,10.0,1.0,18.0,5.0,1.0,4,1,1.0,2.0,1.0,45.0
647.0,0.0,10.0,1.0,17.0,5.0,1.0,3,0,0.0,2.0,1.0,44.0
648.0,0.0,10.0,1.0,18.0,5.0,1.0,4,1,1.0,2.0,1.0,45.0
649.0,0.0,10.0,1.0,16.0,5.0,1.0,4,0,0.0,1.0,1.0,44.0
650.0,0.0,10.0,1.0,18.0,5.0,2.0,8,0,0.0,2.0,2.0,46.0
651.0,0.0,10.0,1.0,16.0,5.0,2.0,4,1,1.0,1.0,2.0,47.0
652.0,0.0,10.0,0.0,17.0,5.0,1.0,4,1,1.0,2.0,1.0,43.0
653.0,0.0,10.0,1.0,17.0,5.0,1.0,4,1,1.0,1.0,1.0,45.0
654.0,0.0,10.0,0.0,17.0,5.0,1.0,4,1,1.0,1.0,1.0,43.0
655.0,0.0,10.0,1.0,16.0,5.0,1.0,4,0,0.0,1.0,1.0,44.0
656.0,0.0,10.0,1.0,17.0,5.0,1.0,4,0,0.0,1.0,1.0,44.0
657.0,0.0,10.0,0.0,17.0,5.0,1.0,4,1,1.0,2.0,1.0,43.0
658.0,0.0,10.0,1.0,18.0,5.0,1.0,4,1,1.0,2.0,1.0,45.0
660.0,0.0,10.0,1.0,16.0,5.0,2.0,4,0,0.0,,2.0,46.0
661.0,0.0,10.0,0.0,18.0,5.0,1.0,4,1,1.0,1.0,1.0,43.0
662.0,0.0,10.0,0.0,16.0,5.0,1.0,4,1,1.0,1.0,1.0,43.0
663.0,0.0,10.0,1.0,18.0,5.0,1.0,5,1,1.0,1.0,1.0,45.0
664.0,0.0,10.0,0.0,7.0,5.0,1.0,0,1,1.0,2.0,1.0,43.0
667.0,0.0,12.0,1.0,13.0,5.0,1.0,0,1,1.0,2.0,1.0,55.0
668.0,0.0,12.0,1.0,14.0,5.0,1.0,0,1,1.0,2.0,1.0,55.0
669.0,0.0,10.0,1.0,15.0,5.0,1.0,0,1,1.0,2.0,1.0,45.0
670.0,0.0,10.0,1.0,15.0,5.0,2.0,4,0,0.0,1.0,2.0,46.0
671.0,0.0,12.0,1.0,14.0,5.0,1.0,4,0,0.0,1.0,1.0,54.0
672.0,0.0,12.0,1.0,13.0,5.0,1.0,4,0,0.0,2.0,1.0,54.0
673.0,0.0,12.0,1.0,13.0,5.0,2.0,2,0,0.0,1.0,1.0,54.0
674.0,0.0,10.0,0.0,14.0,5.0,1.0,2,0,0.0,1.0,1.0,42.0
675.0,0.0,11.0,1.0,14.0,5.0,2.0,4,0,0.0,2.0,1.0,50.0
676.0,0.0,11.0,1.0,14.0,5.0,2.0,2,0,0.0,1.0,1.0,50.0
677.0,0.0,11.0,1.0,14.0,5.0,2.0,2,0,0.0,1.0,1.0,50.0
678.0,0.0,11.0,1.0,14.0,5.0,1.0,2,0,0.0,1.0,1.0,50.0
679.0,0.0,11.0,0.0,14.0,5.0,1.0,1,1,1.0,1.0,1.0,49.0
680.0,0.0,11.0,1.0,14.0,5.0,2.0,1,0,0.0,2.0,1.0,50.0
681.0,0.0,11.0,1.0,15.0,5.0,2.0,1,0,0.0,2.0,1.0,50.0
682.0,0.0,12.0,1.0,14.0,5.0,2.0,2,0,0.0,1.0,1.0,54.0
683.0,0.0,11.0,1.0,13.0,5.0,2.0,4,0,0.0,2.0,1.0,50.0
685.0,0.0,12.0,1.0,13.0,5.0,1.0,3,1,1.0,2.0,1.0,55.0
686.0,0.0,12.0,0.0,15.0,5.0,1.0,3,1,1.0,2.0,1.0,53.0
687.0,0.0,12.0,1.0,14.0,5.0,2.0,4,1,1.0,2.0,1.0,55.0
688.0,0.0,11.0,0.0,15.0,5.0,1.0,4,1,1.0,2.0,1.0,49.0
689.0,0.0,11.0,0.0,13.0,5.0,1.0,0,0,0.0,1.0,1.0,48.0
691.0,0.0,11.0,0.0,14.0,5.0,1.0,4,1,1.0,2.0,1.0,49.0
692.0,0.0,12.0,1.0,14.0,5.0,2.0,4,1,1.0,2.0,1.0,55.0
693.0,0.0,11.0,1.0,15.0,5.0,1.0,4,0,0.0,2.0,1.0,50.0
694.0,0.0,11.0,0.0,15.0,5.0,1.0,4,1,1.0,2.0,1.0,49.0
695.0,0.0,12.0,0.0,14.0,5.0,1.0,2,0,0.0,2.0,1.0,52.0
696.0,0.0,11.0,1.0,15.0,5.0,2.0,4,1,1.0,2.0,1.0,51.0
697.0,0.0,12.0,1.0,15.0,5.0,2.0,4,1,1.0,2.0,1.0,55.0
698.0,0.0,12.0,0.0,13.0,5.0,1.0,4,0,0.0,2.0,1.0,52.0
699.0,0.0,12.0,0.0,13.0,5.0,1.0,4,0,0.0,2.0,1.0,52.0
700.0,0.0,12.0,1.0,14.0,5.0,1.0,4,0,0.0,2.0,1.0,54.0
701.0,0.0,11.0,1.0,15.0,5.0,2.0,4,0,0.0,2.0,1.0,50.0
702.0,0.0,11.0,1.0,6.0,5.0,2.0,4,0,0.0,2.0,1.0,50.0
703.0,0.0,12.0,1.0,13.0,5.0,2.0,4,0,0.0,2.0,1.0,54.0
704.0,0.0,12.0,0.0,4.0,5.0,1.0,4,0,0.0,2.0,1.0,52.0
6091.0,0.0,9.0,0.0,21.0,5.0,1.0,4,0,0.0,1.0,1.0,36.0
6092.0,0.0,9.0,0.0,21.0,5.0,1.0,3,0,0.0,1.0,1.0,36.0
6093.0,0.0,9.0,0.0,21.0,5.0,1.0,4,1,1.0,1.0,1.0,37.0
6101.0,1.0,9.0,1.0,21.0,5.0,1.0,4,1,1.0,2.0,1.0,39.0
6102.0,1.0,9.0,1.0,21.0,5.0,1.0,4,1,1.0,2.0,1.0,39.0
6103.0,1.0,9.0,1.0,21.0,5.0,1.0,4,1,1.0,2.0,1.0,39.0
6104.0,1.0,9.0,1.0,21.0,5.0,1.0,4,1,1.0,2.0,1.0,39.0
