a7,paid,amount,grid_nm,hh_final,poly_size,stratum,program,nganza,program_start,non_residential,num_compounds,compliance,revenue_per_person
100.0,0.0,0.0,1,184,3.0,3.0,0.0,0.0,,0.0,56,0.0,0.0
101.0,0.0,0.0,1,200,3.0,3.0,0.0,0.0,,0.0,149,0.0,0.0
102.0,0.0,0.0,1,68,1.0,1.0,0.0,0.0,,0.0,20,0.0,0.0
103.0,0.0,0.0,1,82,1.0,1.0,0.0,0.0,,0.0,57,0.0,0.0
104.0,0.0,0.0,1,170,2.0,2.0,0.0,0.0,,0.0,18,0.0,0.0
105.0,1.0,2000.0,1,175,2.0,2.0,1.0,0.0,2016-10-13,0.0,74,0.013513514,27.027027
106.0,0.0,0.0,1,211,3.0,3.0,0.0,0.0,,0.0,76,0.0,0.0
107.0,5.0,10000.0,1,136,2.0,2.0,1.0,0.0,2016-08-15,0.0,101,0.04950495,99.0099
108.0,0.0,0.0,1,96,1.0,1.0,0.0,0.0,,0.0,25,0.0,0.0
109.0,1.0,2000.0,1,102,1.0,1.0,1.0,0.0,2016-05-20,0.0,74,0.013513514,27.027027
110.0,3.0,4200.0,1,107,2.0,2.0,1.0,0.0,2016-09-21,0.0,60,0.05,70.0
111.0,12.0,24000.0,1,247,3.0,3.0,1.0,0.0,2016-04-28,0.0,150,0.08,160.0
112.0,28.0,56000.0,1,255,3.0,3.0,1.0,0.0,2016-05-26,0.0,161,0.17391305,347.82608
113.0,0.0,0.0,1,219,3.0,3.0,1.0,0.0,2016-08-27,0.0,100,0.0,0.0
114.0,0.0,0.0,1,141,2.0,2.0,0.0,0.0,,0.0,42,0.0,0.0
115.0,4.0,8000.0,1,155,2.0,2.0,1.0,0.0,2016-07-05,0.0,70,0.057142857,114.28571
116.0,12.0,24000.0,1,186,3.0,3.0,1.0,0.0,2016-09-16,0.0,97,0.12371134,247.42268
117.0,4.0,8000.0,1,124,2.0,2.0,1.0,0.0,2016-08-23,0.0,92,0.04347826,86.95652
118.0,0.0,0.0,1,203,3.0,3.0,0.0,0.0,,0.0,126,0.0,0.0
119.0,5.0,10000.0,1,87,1.0,1.0,1.0,0.0,2016-09-28,0.0,60,0.083333336,166.66667
120.0,0.0,0.0,1,101,1.0,1.0,0.0,0.0,,0.0,31,0.0,0.0
121.0,3.0,6000.0,1,74,1.0,1.0,1.0,0.0,2016-05-26,0.0,60,0.05,100.0
122.0,0.0,0.0,1,90,1.0,1.0,1.0,0.0,2016-07-06,0.0,19,0.0,0.0
123.0,0.0,0.0,1,194,3.0,3.0,0.0,0.0,,0.0,105,0.0,0.0
124.0,0.0,0.0,1,177,2.0,2.0,0.0,0.0,,0.0,143,0.0,0.0
125.0,2.0,4000.0,1,61,1.0,1.0,1.0,0.0,2016-06-10,0.0,24,0.083333336,166.66667
126.0,0.0,0.0,2,249,3.0,6.0,1.0,0.0,2016-10-13,0.0,163,0.0,0.0
200.0,3.0,6000.0,1,259,3.0,3.0,1.0,0.0,2016-07-11,0.0,153,0.019607844,39.215687
201.0,4.0,8000.0,1,88,1.0,1.0,1.0,0.0,2016-04-21,0.0,52,0.07692308,153.84616
202.0,5.0,10000.0,1,220,3.0,3.0,1.0,0.0,2016-06-06,0.0,90,0.055555556,111.111115
203.0,0.0,0.0,1,174,2.0,2.0,0.0,0.0,,0.0,15,0.0,0.0
204.0,4.0,8000.0,1,160,2.0,2.0,1.0,0.0,2016-07-01,0.0,53,0.0754717,150.94339
205.0,0.0,0.0,1,136,2.0,2.0,0.0,0.0,,0.0,71,0.0,0.0
206.0,0.0,0.0,1,109,2.0,2.0,1.0,0.0,2016-05-02,0.0,37,0.0,0.0
207.0,0.0,0.0,10,98,2.0,29.0,1.0,0.0,2016-07-15,0.0,130,0.0,0.0
208.0,11.0,22000.0,10,65,1.0,28.0,1.0,0.0,2016-10-18,0.0,73,0.15068494,301.36987
209.0,0.0,0.0,2,64,1.0,4.0,0.0,0.0,,0.0,28,0.0,0.0
210.0,16.0,29300.0,2,116,2.0,5.0,1.0,0.0,2016-11-07,0.0,50,0.32,586.0
211.0,13.0,39750.0,2,154,2.0,5.0,1.0,0.0,2016-06-06,0.0,92,0.14130434,432.06522
212.0,6.0,12000.0,2,115,2.0,5.0,1.0,0.0,2016-04-18,0.0,65,0.092307694,184.61539
213.0,1.0,2000.0,2,250,3.0,6.0,0.0,0.0,,0.0,87,0.011494253,22.988506
214.0,0.0,0.0,2,286,3.0,6.0,0.0,0.0,,0.0,105,0.0,0.0
215.0,14.0,28000.0,2,124,2.0,5.0,1.0,0.0,2016-10-28,0.0,76,0.18421052,368.42105
216.0,5.0,10000.0,2,193,2.0,5.0,1.0,0.0,2016-09-21,0.0,195,0.025641026,51.28205
217.0,5.0,12600.0,2,289,3.0,6.0,1.0,0.0,2016-07-07,0.0,113,0.044247787,111.504425
218.0,0.0,0.0,2,270,3.0,6.0,0.0,0.0,,0.0,52,0.0,0.0
219.0,0.0,0.0,2,172,2.0,5.0,0.0,0.0,,0.0,43,0.0,0.0
220.0,13.0,30600.0,2,114,1.0,4.0,1.0,0.0,2016-05-02,0.0,73,0.1780822,419.17807
221.0,0.0,0.0,2,209,3.0,6.0,0.0,0.0,,0.0,101,0.0,0.0
222.0,0.0,0.0,2,78,1.0,4.0,1.0,0.0,2016-08-04,0.0,98,0.0,0.0
223.0,4.0,8000.0,2,203,3.0,6.0,1.0,0.0,2016-06-20,0.0,89,0.04494382,89.88764
224.0,0.0,0.0,2,115,2.0,5.0,0.0,0.0,,0.0,48,0.0,0.0
225.0,0.0,0.0,2,229,3.0,6.0,0.0,0.0,,0.0,51,0.0,0.0
226.0,0.0,0.0,2,115,2.0,5.0,1.0,0.0,2016-07-20,0.0,38,0.0,0.0
227.0,6.0,12000.0,2,238,3.0,6.0,1.0,0.0,2016-10-13,0.0,108,0.055555556,111.111115
228.0,0.0,0.0,2,106,1.0,4.0,1.0,0.0,2016-11-12,0.0,62,0.0,0.0
229.0,0.0,0.0,2,180,2.0,5.0,0.0,0.0,,0.0,47,0.0,0.0
230.0,0.0,0.0,2,97,1.0,4.0,0.0,0.0,,0.0,72,0.0,0.0
231.0,1.0,2000.0,2,108,1.0,4.0,1.0,0.0,2016-11-12,0.0,44,0.022727273,45.454544
232.0,0.0,0.0,2,108,1.0,4.0,0.0,0.0,,0.0,72,0.0,0.0
233.0,11.0,22000.0,2,108,1.0,4.0,1.0,0.0,2016-07-02,0.0,73,0.15068494,301.36987
234.0,0.0,0.0,2,130,2.0,5.0,0.0,0.0,,0.0,30,0.0,0.0
235.0,1.0,2000.0,2,190,2.0,5.0,1.0,0.0,2016-08-12,0.0,114,0.00877193,17.54386
236.0,20.0,40000.0,2,259,3.0,6.0,1.0,0.0,2016-10-25,0.0,114,0.1754386,350.8772
237.0,0.0,0.0,2,166,2.0,5.0,0.0,0.0,,0.0,31,0.0,0.0
238.0,39.0,93710.0,2,229,3.0,6.0,1.0,0.0,2016-06-16,0.0,109,0.35779816,859.7248
239.0,6.0,12000.0,2,157,2.0,5.0,1.0,0.0,2016-05-26,0.0,54,0.11111111,222.22223
240.0,25.0,50000.0,2,162,2.0,5.0,1.0,0.0,2016-06-20,0.0,106,0.23584905,471.69812
241.0,0.0,0.0,2,68,1.0,4.0,1.0,0.0,2016-09-12,0.0,28,0.0,0.0
242.0,2.0,4000.0,2,222,3.0,6.0,1.0,0.0,2016-11-04,0.0,78,0.025641026,51.28205
243.0,0.0,0.0,10,102,2.0,29.0,0.0,0.0,,0.0,122,0.0,0.0
244.0,6.0,12000.0,10,87,1.0,28.0,1.0,0.0,2016-11-08,0.0,77,0.077922076,155.84416
245.0,5.0,10000.0,10,145,2.0,29.0,1.0,0.0,2016-07-20,0.0,94,0.05319149,106.38298
246.0,0.0,0.0,10,83,1.0,28.0,1.0,0.0,2016-04-22,0.0,41,0.0,0.0
300.0,0.0,0.0,10,92,2.0,29.0,1.0,0.0,2016-06-20,0.0,43,0.0,0.0
301.0,9.0,18000.0,10,74,1.0,28.0,1.0,0.0,2016-05-16,0.0,93,0.09677419,193.54839
302.0,0.0,0.0,10,135,2.0,29.0,0.0,0.0,,0.0,150,0.0,0.0
303.0,22.0,44000.0,10,121,2.0,29.0,1.0,0.0,2016-08-08,0.0,142,0.15492958,309.85916
304.0,3.0,6000.0,10,70,1.0,28.0,1.0,0.0,2016-08-08,0.0,53,0.056603774,113.20755
305.0,0.0,0.0,10,91,1.0,28.0,0.0,0.0,,0.0,112,0.0,0.0
306.0,0.0,0.0,10,148,2.0,29.0,0.0,0.0,,0.0,138,0.0,0.0
307.0,4.0,8000.0,10,91,1.0,28.0,1.0,0.0,2016-04-18,0.0,114,0.03508772,70.17544
308.0,0.0,0.0,10,86,1.0,28.0,0.0,0.0,,0.0,135,0.0,0.0
309.0,0.0,0.0,10,136,2.0,29.0,1.0,0.0,2016-06-27,0.0,118,0.0,0.0
310.0,0.0,0.0,10,98,2.0,29.0,0.0,0.0,,0.0,48,0.0,0.0
311.0,0.0,0.0,10,82,1.0,28.0,0.0,0.0,,0.0,51,0.0,0.0
312.0,0.0,0.0,10,97,2.0,29.0,0.0,0.0,,0.0,73,0.0,0.0
313.0,0.0,0.0,10,193,3.0,30.0,0.0,0.0,,0.0,117,0.0,0.0
314.0,0.0,0.0,10,158,3.0,30.0,0.0,0.0,,0.0,73,0.0,0.0
315.0,9.0,18000.0,10,208,3.0,30.0,1.0,0.0,2016-06-11,0.0,144,0.0625,125.0
316.0,0.0,0.0,10,202,3.0,30.0,0.0,0.0,,0.0,83,0.0,0.0
317.0,8.0,12800.0,10,166,3.0,30.0,1.0,0.0,2016-07-01,0.0,68,0.11764706,188.23529
318.0,3.0,6000.0,10,135,2.0,29.0,1.0,0.0,2016-10-08,0.0,119,0.025210084,50.42017
319.0,0.0,0.0,10,293,3.0,30.0,1.0,0.0,2016-07-11,0.0,142,0.0,0.0
320.0,0.0,0.0,11,78,2.0,32.0,0.0,0.0,,0.0,74,0.0,0.0
321.0,3.0,6000.0,11,91,2.0,32.0,1.0,0.0,2016-05-16,0.0,76,0.039473683,78.947365
322.0,3.0,6000.0,11,117,3.0,33.0,1.0,0.0,2016-10-28,0.0,93,0.032258064,64.51613
323.0,0.0,0.0,11,57,1.0,31.0,0.0,0.0,,0.0,100,0.0,0.0
324.0,0.0,0.0,11,54,1.0,31.0,0.0,0.0,,0.0,54,0.0,0.0
325.0,0.0,0.0,11,75,2.0,32.0,0.0,0.0,,0.0,44,0.0,0.0
326.0,1.0,2000.0,11,52,1.0,31.0,1.0,0.0,2016-09-28,0.0,49,0.020408163,40.816326
327.0,12.0,24000.0,11,27,1.0,31.0,1.0,0.0,2016-10-24,0.0,98,0.12244898,244.89796
328.0,12.0,24000.0,11,109,2.0,32.0,1.0,0.0,2016-09-12,0.0,120,0.1,200.0
329.0,9.0,18000.0,11,121,3.0,33.0,1.0,0.0,2016-11-07,0.0,91,0.0989011,197.8022
330.0,8.0,16000.0,11,67,1.0,31.0,1.0,0.0,2016-07-15,0.0,47,0.17021276,340.42554
331.0,1.0,2000.0,11,51,1.0,31.0,1.0,0.0,2016-07-16,0.0,27,0.037037037,74.07407
332.0,0.0,0.0,11,188,3.0,33.0,0.0,0.0,,0.0,41,0.0,0.0
333.0,10.0,20000.0,11,82,2.0,32.0,1.0,0.0,2016-08-27,0.0,116,0.0862069,172.41379
334.0,0.0,0.0,11,188,3.0,33.0,0.0,0.0,,0.0,79,0.0,0.0
335.0,1.0,2000.0,10,146,2.0,29.0,1.0,0.0,2016-07-20,0.0,69,0.014492754,28.985508
336.0,0.0,0.0,10,87,1.0,28.0,0.0,0.0,,0.0,55,0.0,0.0
337.0,10.0,20000.0,10,174,3.0,30.0,1.0,0.0,2016-05-31,0.0,167,0.059880238,119.76048
338.0,0.0,0.0,10,216,3.0,30.0,0.0,0.0,,0.0,68,0.0,0.0
339.0,0.0,0.0,10,181,3.0,30.0,0.0,0.0,,0.0,121,0.0,0.0
341.0,0.0,0.0,5,59,1.0,13.0,0.0,0.0,,0.0,21,0.0,0.0
342.0,8.0,16000.0,10,92,2.0,29.0,1.0,0.0,2016-09-06,0.0,62,0.12903225,258.0645
343.0,1.0,2000.0,10,320,3.0,30.0,1.0,0.0,2016-10-28,0.0,125,0.008,16.0
344.0,5.0,10000.0,10,192,3.0,30.0,1.0,0.0,2016-09-19,0.0,146,0.034246575,68.49315
345.0,0.0,0.0,10,183,3.0,30.0,1.0,0.0,2016-04-18,0.0,121,0.0,0.0
346.0,11.0,26600.0,5,192,3.0,15.0,1.0,0.0,2016-05-20,0.0,134,0.08208955,198.50746
347.0,0.0,0.0,5,136,3.0,15.0,0.0,0.0,,0.0,56,0.0,0.0
348.0,0.0,0.0,5,81,1.0,13.0,0.0,0.0,,0.0,25,0.0,0.0
349.0,16.0,32000.0,5,72,1.0,13.0,1.0,0.0,2016-08-19,0.0,37,0.43243244,864.86487
350.0,9.0,18000.0,5,67,1.0,13.0,1.0,0.0,2016-10-28,0.0,22,0.4090909,818.1818
351.0,8.0,16000.0,5,29,1.0,13.0,1.0,0.0,2016-06-16,0.0,20,0.4,800.0
352.0,4.0,12600.0,5,39,1.0,13.0,1.0,0.0,2016-09-01,0.0,23,0.17391305,547.8261
353.0,8.0,17000.0,11,111,2.0,32.0,1.0,0.0,2016-08-27,0.0,72,0.11111111,236.11111
354.0,8.0,16000.0,11,161,3.0,33.0,1.0,0.0,2016-10-18,0.0,120,0.06666667,133.33333
355.0,2.0,4000.0,11,92,2.0,32.0,1.0,0.0,2016-05-20,0.0,42,0.04761905,95.2381
356.0,0.0,0.0,11,124,3.0,33.0,0.0,0.0,,0.0,65,0.0,0.0
357.0,21.0,42000.0,11,175,3.0,33.0,1.0,0.0,2016-05-20,0.0,193,0.10880829,217.61658
358.0,0.0,0.0,11,124,3.0,33.0,1.0,0.0,2016-08-29,0.0,83,0.0,0.0
359.0,0.0,0.0,5,48,1.0,13.0,1.0,0.0,2016-10-13,0.0,36,0.0,0.0
360.0,0.0,0.0,5,65,1.0,13.0,0.0,0.0,,0.0,34,0.0,0.0
361.0,0.0,0.0,5,56,1.0,13.0,0.0,0.0,,0.0,21,0.0,0.0
362.0,6.0,12000.0,5,41,1.0,13.0,1.0,0.0,2016-08-17,0.0,49,0.12244898,244.89796
363.0,0.0,0.0,5,137,3.0,15.0,0.0,0.0,,0.0,76,0.0,0.0
364.0,0.0,0.0,5,107,2.0,14.0,0.0,0.0,,0.0,65,0.0,0.0
365.0,0.0,0.0,5,102,2.0,14.0,0.0,0.0,,0.0,47,0.0,0.0
366.0,0.0,0.0,11,75,2.0,32.0,0.0,0.0,,0.0,42,0.0,0.0
367.0,0.0,0.0,11,46,1.0,31.0,0.0,0.0,,0.0,95,0.0,0.0
368.0,22.0,44000.0,5,88,2.0,14.0,1.0,0.0,2016-08-23,0.0,83,0.26506025,530.1205
369.0,11.0,22000.0,5,131,3.0,15.0,1.0,0.0,2016-10-24,0.0,77,0.14285715,285.7143
370.0,32.0,63000.0,5,139,3.0,15.0,1.0,0.0,2016-08-15,0.0,99,0.32323232,636.36365
371.0,0.0,0.0,5,90,2.0,14.0,0.0,0.0,,0.0,64,0.0,0.0
372.0,5.0,10000.0,5,199,3.0,15.0,1.0,0.0,2016-07-06,0.0,120,0.041666668,83.333336
373.0,3.0,4700.0,5,95,2.0,14.0,1.0,0.0,2016-10-28,0.0,52,0.057692308,90.38461
374.0,0.0,0.0,5,67,1.0,13.0,0.0,0.0,,0.0,52,0.0,0.0
375.0,0.0,0.0,5,117,3.0,15.0,0.0,0.0,,0.0,72,0.0,0.0
376.0,0.0,0.0,5,131,3.0,15.0,0.0,0.0,,0.0,99,0.0,0.0
377.0,0.0,0.0,5,148,3.0,15.0,0.0,0.0,,0.0,42,0.0,0.0
378.0,0.0,0.0,5,90,2.0,14.0,0.0,0.0,,0.0,59,0.0,0.0
379.0,7.0,14000.0,5,149,3.0,15.0,1.0,0.0,2016-09-16,0.0,143,0.04895105,97.9021
380.0,0.0,0.0,5,84,2.0,14.0,0.0,0.0,,0.0,58,0.0,0.0
381.0,0.0,0.0,2,41,1.0,4.0,0.0,0.0,,0.0,66,0.0,0.0
382.0,40.0,84955.0,2,186,2.0,5.0,1.0,0.0,2016-06-06,0.0,129,0.31007752,658.5659
384.0,12.0,23000.0,2,219,3.0,6.0,1.0,0.0,2016-09-17,0.0,123,0.09756097,186.99187
385.0,3.0,13300.0,2,219,3.0,6.0,0.0,0.0,,0.0,78,0.03846154,170.51282
386.0,1.0,2000.0,2,66,1.0,4.0,0.0,0.0,,0.0,59,0.016949153,33.898304
387.0,11.0,22000.0,2,89,1.0,4.0,1.0,0.0,2016-04-18,0.0,143,0.07692308,153.84616
500.0,25.0,44000.0,2,189,2.0,5.0,1.0,0.0,2016-09-06,0.0,107,0.23364486,411.21497
501.0,0.0,0.0,2,162,2.0,5.0,0.0,0.0,,0.0,53,0.0,0.0
502.0,4.0,12600.0,2,103,1.0,4.0,1.0,0.0,2016-05-31,0.0,56,0.071428575,225.0
503.0,0.0,0.0,2,195,2.0,5.0,0.0,0.0,,0.0,34,0.0,0.0
504.0,23.0,46000.0,2,153,2.0,5.0,1.0,0.0,2016-06-25,0.0,63,0.36507937,730.15875
505.0,7.0,23200.0,2,153,2.0,5.0,1.0,0.0,2016-10-28,0.0,86,0.08139535,269.76746
506.0,0.0,0.0,2,204,3.0,6.0,1.0,0.0,2016-05-23,0.0,69,0.0,0.0
507.0,19.0,36500.0,2,201,3.0,6.0,1.0,0.0,2016-05-31,0.0,91,0.20879121,401.0989
508.0,40.0,121200.0,2,278,3.0,6.0,1.0,0.0,2016-10-13,0.0,187,0.21390374,648.12836
509.0,0.0,0.0,2,212,3.0,6.0,0.0,0.0,,0.0,101,0.0,0.0
510.0,9.0,18000.0,2,93,1.0,4.0,1.0,0.0,2016-08-03,0.0,37,0.24324325,486.48648
511.0,0.0,0.0,2,126,2.0,5.0,0.0,0.0,,0.0,35,0.0,0.0
512.0,0.0,0.0,2,208,3.0,6.0,0.0,0.0,,0.0,99,0.0,0.0
513.0,0.0,0.0,2,185,2.0,5.0,0.0,0.0,,0.0,112,0.0,0.0
514.0,1.0,2000.0,2,88,1.0,4.0,1.0,0.0,2016-09-13,0.0,43,0.023255814,46.511627
515.0,0.0,0.0,2,115,2.0,5.0,0.0,0.0,,0.0,44,0.0,0.0
516.0,4.0,8000.0,2,102,1.0,4.0,1.0,0.0,2016-09-01,0.0,40,0.1,200.0
517.0,0.0,0.0,2,216,3.0,6.0,0.0,0.0,,0.0,102,0.0,0.0
518.0,0.0,0.0,3,321,3.0,9.0,0.0,0.0,,0.0,71,0.0,0.0
520.0,0.0,0.0,2,45,1.0,4.0,0.0,0.0,,0.0,10,0.0,0.0
521.0,2.0,198000.0,3,68,1.0,7.0,1.0,0.0,2016-06-28,0.0,21,0.0952381,9428.571
522.0,0.0,0.0,3,149,3.0,9.0,0.0,0.0,,0.0,50,0.0,0.0
523.0,9.0,31800.0,3,135,3.0,9.0,1.0,0.0,2016-05-18,0.0,71,0.12676056,447.88733
524.0,24.0,47500.0,3,98,1.0,7.0,1.0,0.0,2016-08-17,0.0,87,0.27586207,545.977
525.0,16.0,32000.0,3,68,1.0,7.0,1.0,0.0,2016-08-23,0.0,119,0.13445379,268.90756
526.0,0.0,0.0,3,126,2.0,8.0,1.0,0.0,2016-08-02,0.0,68,0.0,0.0
527.0,5.0,10000.0,3,103,1.0,7.0,1.0,0.0,2016-09-28,0.0,64,0.078125,156.25
528.0,7.0,14000.0,3,124,2.0,8.0,1.0,0.0,2016-10-08,0.0,168,0.041666668,83.333336
529.0,9.0,21400.0,3,108,2.0,8.0,1.0,0.0,2016-08-15,0.0,107,0.08411215,200.0
530.0,4.0,8000.0,3,198,3.0,9.0,1.0,0.0,2016-04-21,0.0,176,0.022727273,45.454544
531.0,0.0,0.0,3,148,3.0,9.0,0.0,0.0,,0.0,58,0.0,0.0
532.0,4.0,8000.0,3,78,1.0,7.0,1.0,0.0,2016-07-20,0.0,167,0.023952097,47.90419
533.0,1.0,2000.0,3,255,3.0,9.0,1.0,0.0,2016-08-17,0.0,114,0.00877193,17.54386
534.0,0.0,0.0,3,123,2.0,8.0,0.0,0.0,,0.0,86,0.0,0.0
535.0,2.0,4000.0,3,101,1.0,7.0,1.0,0.0,2016-05-31,0.0,38,0.05263158,105.26316
536.0,15.0,30000.0,3,185,3.0,9.0,1.0,0.0,2016-08-12,0.0,111,0.13513513,270.27026
537.0,0.0,0.0,3,284,3.0,9.0,1.0,0.0,2016-06-22,0.0,143,0.0,0.0
538.0,5.0,8200.0,3,124,2.0,8.0,1.0,0.0,2016-08-08,0.0,53,0.094339624,154.71698
539.0,3.0,6000.0,3,116,2.0,8.0,1.0,0.0,2016-05-01,0.0,52,0.057692308,115.38461
540.0,6.0,12000.0,3,112,2.0,8.0,1.0,0.0,2016-09-01,0.0,84,0.071428575,142.85715
541.0,0.0,0.0,3,168,3.0,9.0,0.0,0.0,,0.0,86,0.0,0.0
542.0,15.0,30000.0,3,130,2.0,8.0,1.0,0.0,2016-07-01,0.0,91,0.16483517,329.67032
543.0,0.0,0.0,3,106,2.0,8.0,0.0,0.0,,0.0,39,0.0,0.0
544.0,0.0,0.0,3,159,3.0,9.0,0.0,0.0,,0.0,76,0.0,0.0
545.0,12.0,42400.0,3,239,3.0,9.0,1.0,0.0,2016-08-01,0.0,87,0.13793103,487.35632
546.0,0.0,0.0,3,56,1.0,7.0,0.0,0.0,,0.0,8,0.0,0.0
547.0,2.0,4000.0,3,116,2.0,8.0,1.0,0.0,2016-09-01,0.0,67,0.029850746,59.701492
548.0,0.0,0.0,3,110,2.0,8.0,0.0,0.0,,0.0,40,0.0,0.0
549.0,0.0,0.0,3,133,2.0,8.0,0.0,0.0,,0.0,42,0.0,0.0
550.0,0.0,0.0,3,183,3.0,9.0,0.0,0.0,,0.0,64,0.0,0.0
551.0,9.0,18000.0,3,205,3.0,9.0,1.0,0.0,2016-04-28,0.0,114,0.078947365,157.89473
552.0,0.0,0.0,3,98,1.0,7.0,1.0,0.0,2016-04-21,0.0,33,0.0,0.0
553.0,0.0,0.0,3,133,2.0,8.0,0.0,0.0,,0.0,137,0.0,0.0
554.0,5.0,10000.0,3,177,3.0,9.0,1.0,0.0,2016-08-02,0.0,65,0.07692308,153.84616
555.0,2.0,500.0,3,106,2.0,8.0,1.0,0.0,2016-10-18,0.0,29,0.06896552,17.241379
556.0,10.0,24600.0,3,50,1.0,7.0,1.0,0.0,2016-07-15,0.0,32,0.3125,768.75
557.0,0.0,0.0,3,4,1.0,7.0,0.0,0.0,,0.0,38,0.0,0.0
558.0,25.0,140600.0,3,120,2.0,8.0,1.0,0.0,2016-06-28,0.0,113,0.22123894,1244.2478
559.0,0.0,0.0,3,79,1.0,7.0,0.0,0.0,,0.0,58,0.0,0.0
560.0,1.0,2000.0,3,134,3.0,9.0,1.0,0.0,2016-10-24,0.0,48,0.020833334,41.666668
561.0,0.0,0.0,4,45,1.0,10.0,0.0,0.0,,0.0,23,0.0,0.0
562.0,0.0,0.0,3,68,1.0,7.0,1.0,0.0,2016-08-15,0.0,35,0.0,0.0
563.0,32.0,64000.0,3,147,3.0,9.0,1.0,0.0,2016-04-18,0.0,90,0.35555556,711.1111
564.0,0.0,0.0,3,109,2.0,8.0,0.0,0.0,,0.0,47,0.0,0.0
565.0,0.0,0.0,3,108,2.0,8.0,0.0,0.0,,0.0,34,0.0,0.0
566.0,0.0,0.0,4,221,3.0,12.0,0.0,0.0,,0.0,31,0.0,0.0
567.0,9.0,41000.0,4,69,1.0,10.0,1.0,0.0,2016-11-07,0.0,30,0.3,1366.6666
569.0,4.0,23600.0,4,51,1.0,10.0,1.0,0.0,2016-10-18,0.0,23,0.17391305,1026.0869
570.0,3.0,66600.0,4,119,2.0,11.0,1.0,0.0,2016-09-01,0.0,45,0.06666667,1480.0
571.0,11.0,54200.0,4,112,2.0,11.0,1.0,0.0,2016-11-07,0.0,46,0.23913044,1178.2609
572.0,0.0,0.0,4,226,3.0,12.0,0.0,0.0,,0.0,39,0.0,0.0
573.0,0.0,0.0,4,190,3.0,12.0,1.0,0.0,2016-11-08,0.0,56,0.0,0.0
574.0,0.0,0.0,4,166,3.0,11.0,0.0,0.0,,0.0,2,0.0,0.0
575.0,0.0,0.0,4,87,1.0,10.0,1.0,0.0,2016-10-03,0.0,39,0.0,0.0
576.0,0.0,0.0,4,219,3.0,12.0,0.0,0.0,,0.0,42,0.0,0.0
577.0,7.0,14000.0,4,146,2.0,11.0,1.0,0.0,2016-06-27,0.0,56,0.125,250.0
578.0,0.0,0.0,4,159,2.0,11.0,0.0,0.0,,0.0,66,0.0,0.0
579.0,15.0,30000.0,4,192,3.0,12.0,1.0,0.0,2016-05-04,0.0,46,0.32608697,652.1739
580.0,0.0,0.0,4,123,2.0,11.0,0.0,0.0,,0.0,84,0.0,0.0
581.0,0.0,0.0,4,228,3.0,12.0,1.0,0.0,2016-05-02,0.0,56,0.0,0.0
582.0,0.0,0.0,4,177,2.0,11.0,0.0,0.0,,0.0,38,0.0,0.0
583.0,6.0,11500.0,4,137,2.0,11.0,1.0,0.0,2016-10-08,0.0,40,0.15,287.5
584.0,3.0,10600.0,4,190,3.0,12.0,1.0,0.0,2016-08-02,0.0,76,0.039473683,139.47368
585.0,10.0,52200.0,4,89,1.0,10.0,1.0,0.0,2016-11-12,0.0,46,0.2173913,1134.7826
586.0,0.0,0.0,4,99,1.0,10.0,0.0,0.0,,0.0,28,0.0,0.0
587.0,0.0,0.0,4,270,3.0,12.0,0.0,0.0,,0.0,203,0.0,0.0
588.0,3.0,10600.0,4,190,3.0,12.0,1.0,0.0,2016-11-03,0.0,58,0.05172414,182.75862
589.0,0.0,0.0,4,104,1.0,10.0,0.0,0.0,,0.0,53,0.0,0.0
590.0,7.0,14000.0,4,194,3.0,12.0,1.0,0.0,2016-11-07,0.0,128,0.0546875,109.375
591.0,9.0,18000.0,4,218,3.0,12.0,1.0,0.0,2016-05-02,0.0,93,0.09677419,193.54839
592.0,17.0,72700.0,4,218,3.0,12.0,1.0,0.0,2016-07-01,0.0,86,0.19767442,845.3488
593.0,0.0,0.0,4,122,2.0,11.0,0.0,0.0,,0.0,109,0.0,0.0
594.0,0.0,0.0,4,183,3.0,12.0,0.0,0.0,,0.0,91,0.0,0.0
595.0,0.0,0.0,4,74,1.0,10.0,0.0,0.0,,0.0,125,0.0,0.0
596.0,8.0,16000.0,4,188,3.0,12.0,1.0,0.0,2016-10-03,0.0,119,0.067226894,134.45378
597.0,13.0,44400.0,4,78,1.0,10.0,1.0,0.0,2016-10-18,0.0,63,0.20634921,704.7619
598.0,11.0,26600.0,4,82,1.0,10.0,1.0,0.0,2016-09-16,0.0,151,0.07284768,176.15894
599.0,3.0,6000.0,4,153,2.0,11.0,1.0,0.0,2016-09-13,0.0,101,0.02970297,59.40594
600.0,18.0,38600.0,4,99,1.0,10.0,1.0,0.0,2016-06-20,0.0,74,0.24324325,521.62164
601.0,24.0,80200.0,4,76,1.0,10.0,1.0,0.0,2016-05-02,0.0,89,0.26966292,901.1236
602.0,0.0,0.0,4,81,1.0,10.0,0.0,0.0,,0.0,31,0.0,0.0
603.0,0.0,0.0,4,235,3.0,12.0,0.0,0.0,,0.0,61,0.0,0.0
604.0,8.0,29800.0,4,151,2.0,11.0,1.0,0.0,2016-06-16,0.0,57,0.14035088,522.807
605.0,8.0,16000.0,4,160,2.0,11.0,1.0,0.0,2016-05-21,0.0,58,0.13793103,275.86206
606.0,11.0,40400.0,7,167,2.0,20.0,1.0,0.0,2016-08-22,0.0,56,0.19642857,721.4286
607.0,12.0,51600.0,7,61,1.0,19.0,1.0,0.0,2016-10-08,0.0,109,0.110091746,473.3945
608.0,0.0,0.0,7,60,1.0,19.0,0.0,0.0,,0.0,140,0.0,0.0
609.0,0.0,0.0,7,372,3.0,21.0,0.0,0.0,,0.0,349,0.0,0.0
610.0,5.0,10000.0,7,313,3.0,21.0,1.0,0.0,2016-08-29,0.0,420,0.011904762,23.809525
611.0,0.0,0.0,7,281,3.0,21.0,0.0,0.0,,0.0,132,0.0,0.0
612.0,9.0,18000.0,7,133,2.0,20.0,1.0,0.0,2016-09-12,0.0,65,0.13846155,276.92307
613.0,9.0,22700.0,7,124,2.0,20.0,1.0,0.0,2016-05-26,0.0,94,0.095744684,241.48936
614.0,0.0,0.0,7,69,1.0,19.0,0.0,0.0,,0.0,38,0.0,0.0
615.0,0.0,0.0,7,141,2.0,20.0,0.0,0.0,,0.0,117,0.0,0.0
616.0,0.0,0.0,7,168,3.0,21.0,0.0,0.0,,0.0,63,0.0,0.0
617.0,20.0,81400.0,7,172,3.0,21.0,1.0,0.0,2016-08-08,0.0,83,0.24096386,980.7229
618.0,8.0,18400.0,7,70,1.0,19.0,1.0,0.0,2016-10-03,0.0,60,0.13333334,306.66666
619.0,14.0,60200.0,7,183,3.0,21.0,1.0,0.0,2016-06-13,0.0,91,0.15384616,661.53845
620.0,3.0,6000.0,7,168,3.0,21.0,1.0,0.0,2016-10-13,0.0,69,0.04347826,86.95652
621.0,24.0,48000.0,7,109,1.0,19.0,1.0,0.0,2016-06-06,0.0,114,0.21052632,421.05264
622.0,32.0,68600.0,7,101,1.0,19.0,1.0,0.0,2016-08-08,0.0,63,0.50793654,1088.8889
623.0,6.0,11000.0,7,143,2.0,20.0,1.0,0.0,2016-10-18,0.0,45,0.13333334,244.44444
624.0,0.0,0.0,4,125,2.0,11.0,0.0,0.0,,0.0,62,0.0,0.0
625.0,0.0,0.0,7,123,2.0,20.0,0.0,0.0,,0.0,42,0.0,0.0
626.0,1.0,6600.0,4,153,2.0,11.0,1.0,0.0,2016-10-03,0.0,56,0.017857144,117.85714
627.0,0.0,0.0,4,83,1.0,10.0,0.0,0.0,,0.0,14,0.0,0.0
628.0,0.0,0.0,4,133,2.0,11.0,0.0,0.0,,0.0,23,0.0,0.0
629.0,0.0,0.0,3,52,1.0,7.0,0.0,0.0,,0.0,23,0.0,0.0
630.0,2.0,8600.0,3,124,2.0,8.0,1.0,0.0,2016-06-21,0.0,30,0.06666667,286.66666
631.0,0.0,0.0,6,139,2.0,17.0,0.0,0.0,,0.0,53,0.0,0.0
632.0,11.0,21200.0,6,139,2.0,17.0,1.0,0.0,2016-09-28,0.0,81,0.13580246,261.7284
633.0,0.0,0.0,3,140,3.0,9.0,0.0,0.0,,0.0,42,0.0,0.0
634.0,0.0,0.0,6,227,3.0,18.0,1.0,0.0,2016-04-21,0.0,116,0.0,0.0
635.0,0.0,0.0,6,223,3.0,18.0,0.0,0.0,,0.0,63,0.0,0.0
636.0,4.0,8000.0,6,113,2.0,17.0,1.0,0.0,2016-09-01,0.0,67,0.05970149,119.402985
637.0,0.0,0.0,6,111,2.0,17.0,0.0,0.0,,0.0,21,0.0,0.0
638.0,0.0,0.0,6,175,3.0,18.0,0.0,0.0,,0.0,133,0.0,0.0
639.0,6.0,12000.0,6,127,2.0,17.0,1.0,0.0,2016-09-07,0.0,77,0.077922076,155.84416
640.0,2.0,4000.0,6,167,3.0,18.0,1.0,0.0,2016-05-16,0.0,91,0.021978023,43.956043
641.0,24.0,45800.0,6,49,1.0,16.0,1.0,0.0,2016-08-17,0.0,38,0.6315789,1205.2632
642.0,0.0,0.0,3,132,2.0,8.0,0.0,0.0,,0.0,52,0.0,0.0
643.0,10.0,33800.0,6,88,1.0,16.0,1.0,0.0,2016-10-08,0.0,57,0.1754386,592.9825
644.0,0.0,0.0,6,199,3.0,18.0,0.0,0.0,,0.0,118,0.0,0.0
645.0,0.0,0.0,6,165,3.0,18.0,0.0,0.0,,0.0,70,0.0,0.0
646.0,15.0,30000.0,6,181,3.0,18.0,1.0,0.0,2016-04-21,0.0,105,0.14285715,285.7143
647.0,3.0,6000.0,6,116,2.0,17.0,1.0,0.0,2016-07-05,0.0,39,0.07692308,153.84616
648.0,14.0,28000.0,6,176,3.0,18.0,1.0,0.0,2016-05-26,0.0,77,0.18181819,363.63635
649.0,2.0,4000.0,6,54,1.0,16.0,1.0,0.0,2016-09-28,0.0,34,0.05882353,117.64706
650.0,10.0,20000.0,6,227,3.0,18.0,1.0,0.0,2016-06-16,0.0,141,0.07092199,141.84398
651.0,4.0,8000.0,6,101,1.0,16.0,1.0,0.0,2016-07-11,0.0,63,0.06349207,126.98412
652.0,0.0,0.0,6,119,2.0,17.0,0.0,0.0,,0.0,28,0.0,0.0
653.0,6.0,21200.0,6,159,2.0,17.0,1.0,0.0,2016-09-06,0.0,79,0.07594936,268.35443
654.0,0.0,0.0,6,148,2.0,17.0,0.0,0.0,,0.0,32,0.0,0.0
655.0,0.0,0.0,6,89,1.0,16.0,1.0,0.0,2016-07-11,0.0,29,0.0,0.0
656.0,6.0,12000.0,6,146,2.0,17.0,1.0,0.0,2016-09-06,0.0,140,0.042857144,85.71429
657.0,0.0,0.0,6,102,2.0,17.0,0.0,0.0,,0.0,23,0.0,0.0
660.0,8.0,29665.0,6,83,1.0,16.0,1.0,0.0,2016-04-28,0.0,31,0.2580645,956.9355
661.0,0.0,0.0,6,177,3.0,18.0,0.0,0.0,,0.0,136,0.0,0.0
662.0,0.0,0.0,6,57,1.0,16.0,0.0,0.0,,0.0,32,0.0,0.0
663.0,9.0,44900.0,6,237,3.0,18.0,1.0,0.0,2016-05-31,0.0,107,0.08411215,419.62616
664.0,0.0,0.0,3,93,1.0,7.0,0.0,0.0,,0.0,28,0.0,0.0
667.0,0.0,0.0,5,62,1.0,13.0,1.0,0.0,2016-08-27,0.0,9,0.0,0.0
668.0,8.0,34400.0,5,110,2.0,14.0,1.0,0.0,2016-09-17,0.0,77,0.103896104,446.75323
669.0,2.0,8600.0,5,129,3.0,15.0,1.0,0.0,2016-06-10,0.0,117,0.017094018,73.50427
670.0,31.0,127500.0,5,187,3.0,15.0,1.0,0.0,2016-09-28,0.0,158,0.19620253,806.96204
671.0,2.0,13200.0,5,82,2.0,14.0,1.0,0.0,2016-10-24,0.0,50,0.04,264.0
673.0,8.0,39000.0,5,55,1.0,13.0,1.0,0.0,2016-04-21,0.0,22,0.36363637,1772.7273
674.0,0.0,0.0,5,86,2.0,14.0,0.0,0.0,,0.0,56,0.0,0.0
675.0,15.0,30000.0,5,104,2.0,14.0,1.0,0.0,2016-07-12,0.0,74,0.2027027,405.4054
676.0,69.0,95300.0,5,108,2.0,14.0,1.0,0.0,2016-08-23,0.0,158,0.43670887,603.16455
677.0,36.0,76600.0,5,107,2.0,14.0,1.0,0.0,2016-09-26,0.0,93,0.38709676,823.6559
678.0,3.0,6000.0,5,110,2.0,14.0,1.0,0.0,2016-05-03,0.0,62,0.048387095,96.77419
679.0,0.0,0.0,5,103,2.0,14.0,0.0,0.0,,0.0,68,0.0,0.0
680.0,23.0,46000.0,5,84,2.0,14.0,1.0,0.0,2016-06-17,0.0,52,0.44230768,884.61536
681.0,45.0,103800.0,5,128,3.0,15.0,1.0,0.0,2016-05-20,0.0,121,0.37190083,857.85126
682.0,3.0,19800.0,5,108,2.0,14.0,1.0,0.0,2016-11-04,0.0,60,0.05,330.0
683.0,14.0,32600.0,5,72,1.0,13.0,1.0,0.0,2016-11-02,0.0,69,0.20289855,472.46378
685.0,3.0,22600.0,5,25,1.0,13.0,1.0,0.0,2016-11-02,0.0,21,0.14285715,1076.1904
686.0,0.0,0.0,5,122,3.0,15.0,0.0,0.0,,0.0,73,0.0,0.0
687.0,5.0,53155.0,5,86,2.0,14.0,1.0,0.0,2016-05-26,0.0,54,0.09259259,984.35187
688.0,0.0,0.0,5,170,3.0,15.0,0.0,0.0,,0.0,102,0.0,0.0
689.0,0.0,0.0,5,79,1.0,13.0,0.0,0.0,,0.0,85,0.0,0.0
691.0,0.0,0.0,5,83,2.0,14.0,0.0,0.0,,0.0,102,0.0,0.0
692.0,9.0,41000.0,5,106,2.0,14.0,1.0,0.0,2016-11-12,0.0,70,0.12857144,585.7143
693.0,11.0,22000.0,5,123,3.0,15.0,1.0,0.0,2016-05-31,0.0,95,0.11578947,231.57895
694.0,0.0,0.0,5,214,3.0,15.0,0.0,0.0,,0.0,89,0.0,0.0
695.0,0.0,0.0,5,113,2.0,14.0,0.0,0.0,,0.0,66,0.0,0.0
696.0,7.0,27800.0,5,196,3.0,15.0,1.0,0.0,2016-08-27,0.0,126,0.055555556,220.63492
697.0,29.0,130620.0,5,119,3.0,15.0,1.0,0.0,2016-04-29,0.0,66,0.43939394,1979.091
698.0,0.0,0.0,5,56,1.0,13.0,0.0,0.0,,0.0,14,0.0,0.0
699.0,0.0,0.0,5,72,1.0,13.0,0.0,0.0,,0.0,50,0.0,0.0
700.0,13.0,86500.0,5,106,2.0,14.0,1.0,0.0,2016-08-17,0.0,59,0.22033899,1466.1017
701.0,26.0,87400.0,5,173,3.0,15.0,1.0,0.0,2016-06-10,0.0,123,0.21138212,710.5691
702.0,22.0,76200.0,2,266,3.0,6.0,1.0,0.0,2016-09-07,0.0,157,0.14012739,485.3503
703.0,5.0,134400.0,5,43,1.0,13.0,1.0,0.0,2016-07-21,0.0,37,0.13513513,3632.4324
704.0,0.0,0.0,2,61,1.0,4.0,0.0,0.0,,0.0,73,0.0,0.0
